Workbook

Sheet UCL SS
A1: Retorta League (18/03/2024 a 29/07/2024)
A2: Ranking | B2: Jogadores | C2: Alcunha | D2: Jogos | E2: Vitórias | F2: Derrotas | G2: Win Rate | H2: Fator | I2: Média base | J2: Média ponderada | L2: 45369 | M2: 45376 | N2: 45383 | O2: 45390 | P2: 45397 | Q2: 45404 | R2: 45411 | S2: 45418 | T2: 45425 | U2: 45432 | V2: 45439 | W2: 45446 | X2: 45453 | Y2: 45460 | Z2: 45467 | AA2: 45476 | AB2: 45481 | AC2: 45495 | AD2: 45502
A3: 1 | B3: João Capela | C3: Capela | D3: 19 | E3: 13 | F3: 6 | G3: =E3/D3 -> 0.68421053 | H3: =+_xlfn.XLOOKUP(D3,$B$36:$B$54,$C$36:$C$54) -> 1 | I3: =+E3/D3 -> 0.68421053 | J3: =I3*H3 -> 0.68421053 | L3: L | M3: W | N3: W | O3: W | P3: L | Q3: W | R3: W | S3: W | T3: L | U3: W | V3: W | W3: W | X3: L | Y3: L | Z3: W | AA3: L | AB3: W | AC3: W | AD3: W
A4: 2 | B4: Pedro Vieira | C4: Vieira | D4: 18 | E4: 10 | F4: 8 | G4: =E4/D4 -> 0.55555556 | H4: =+_xlfn.XLOOKUP(D4,$B$36:$B$54,$C$36:$C$54) -> 0.94736842 | I4: =+E4/D4 -> 0.55555556 | J4: =I4*H4 -> 0.52631579 | L4: L | M4: L | O4: L | P4: L | Q4: W | R4: W | S4: L | T4: W | U4: W | V4: W | W4: L | X4: W | Y4: W | Z4: W | AA4: W | AB4: L | AC4: L | AD4: W
A5: 3 | B5: Francisco Campos | C5: Campos | D5: 17 | E5: 9 | F5: 8 | G5: =E5/D5 -> 0.52941176 | H5: =+_xlfn.XLOOKUP(D5,$B$36:$B$54,$C$36:$C$54) -> 0.89473684 | I5: =+E5/D5 -> 0.52941176 | J5: =I5*H5 -> 0.47368421 | L5: W | M5: L | N5: L | O5: W | P5: L | Q5: W | S5: L | T5: L | U5: W | V5: W | W5: L | X5: W | Y5: W | AA5: L | AB5: W | AC5: L | AD5: W
A6: 4 | B6: José Miguel Ferreira | C6: Zé Miguel | D6: 13 | E6: 8 | F6: 5 | G6: =E6/D6 -> 0.61538462 | H6: =+_xlfn.XLOOKUP(D6,$B$36:$B$54,$C$36:$C$54) -> 0.68421053 | I6: =+E6/D6 -> 0.61538462 | J6: =I6*H6 -> 0.42105263 | L6: W | M6: L | N6: L | O6: L | Q6: W | S6: L | T6: W | U6: W | V6: L | W6: W | Y6: W | AA6: W | AB6: W
A7: 4 | B7: Rui Dimas | C7: Dimas | D7: 16 | E7: 8 | F7: 8 | G7: =E7/D7 -> 0.5 | H7: =+_xlfn.XLOOKUP(D7,$B$36:$B$54,$C$36:$C$54) -> 0.84210526 | I7: =+E7/D7 -> 0.5 | J7: =I7*H7 -> 0.42105263 | N7: W | O7: L | P7: L | Q7: L | R7: W | S7: L | T7: W | U7: L | W7: L | X7: W | Y7: W | Z7: W | AA7: W | AB7: L | AC7: W | AD7: L
A8: 4 | B8: Joaquim Torrão | C8: Quim | D8: 19 | E8: 8 | F8: 11 | G8: =E8/D8 -> 0.42105263 | H8: =+_xlfn.XLOOKUP(D8,$B$36:$B$54,$C$36:$C$54) -> 1 | I8: =+E8/D8 -> 0.42105263 | J8: =I8*H8 -> 0.42105263 | L8: L | M8: W | N8: L | O8: W | P8: W | Q8: W | R8: W | S8: L | T8: L | U8: L | V8: L | W8: W | X8: W | Y8: L | Z8: L | AA8: L | AB8: L | AC8: L | AD8: W
A9: 7 | B9: Eduardo Maia | C9: Edu | D9: 15 | E9: 7 | F9: 8 | G9: =E9/D9 -> 0.46666667 | H9: =+_xlfn.XLOOKUP(D9,$B$36:$B$54,$C$36:$C$54) -> 0.78947368 | I9: =+E9/D9 -> 0.46666667 | J9: =I9*H9 -> 0.36842105 | L9: L | M9: W | N9: L | O9: W | P9: W | R9: L | S9: W | T9: L | V9: W | W9: L | X9: L | Y9: L | Z9: L | AA9: W | AB9: W
A10: 8 | B10: Francisco Santos | C10: Xico Santos | D10: 9 | E10: 6 | F10: 3 | G10: =E10/D10 -> 0.66666667 | H10: =+_xlfn.XLOOKUP(D10,$B$36:$B$54,$C$36:$C$54) -> 0.47368421 | I10: =+E10/D10 -> 0.66666667 | J10: =I10*H10 -> 0.31578947 | L10: W | M10: L | N10: W | O10: W | S10: W | T10: W | U10: W | V10: L | AC10: L
A11: 9 | B11: Rui Vaz | C11: Rui Vaz | D11: 9 | E11: 5 | F11: 4 | G11: =E11/D11 -> 0.55555556 | H11: =+_xlfn.XLOOKUP(D11,$B$36:$B$54,$C$36:$C$54) -> 0.47368421 | I11: =+E11/D11 -> 0.55555556 | J11: =I11*H11 -> 0.26315789 | P11: W | Q11: L | R11: L | S11: W | T11: L | V11: W | W11: W | AC11: W | AD11: L
A12: 10 | B12: Guilherme Moura | C12: Gui Moura | D12: 8 | E12: 4 | F12: 4 | G12: =E12/D12 -> 0.5 | H12: =+_xlfn.XLOOKUP(D12,$B$36:$B$54,$C$36:$C$54) -> 0.42105263 | I12: =+E12/D12 -> 0.5 | J12: =I12*H12 -> 0.21052632 | M12: W | P12: W | Q12: L | R12: L | S12: W | U12: L | V12: L | W12: W
A13: 11 | B13: João Santos | C13: Jorginho | D13: 4 | E13: 3 | F13: 1 | G13: =E13/D13 -> 0.75 | H13: =+_xlfn.XLOOKUP(D13,$B$36:$B$54,$C$36:$C$54) -> 0.21052632 | I13: =+E13/D13 -> 0.75 | J13: =I13*H13 -> 0.15789474 | L13: W | AB13: W | AC13: W | AD13: L
A14: 11 | B14: Diogo Azevedo | C14: Dipi | D14: 4 | E14: 3 | F14: 1 | G14: =E14/D14 -> 0.75 | H14: =+_xlfn.XLOOKUP(D14,$B$36:$B$54,$C$36:$C$54) -> 0.21052632 | I14: =+E14/D14 -> 0.75 | J14: =I14*H14 -> 0.15789474 | X14: W | Y14: W | Z14: W | AB14: L
A15: 11 | B15: Tiago Filipe | C15: Tigas | D15: 12 | E15: 3 | F15: 9 | G15: =E15/D15 -> 0.25 | H15: =+_xlfn.XLOOKUP(D15,$B$36:$B$54,$C$36:$C$54) -> 0.63157895 | I15: =+E15/D15 -> 0.25 | J15: =I15*H15 -> 0.15789474 | L15: L | M15: W | N15: W | Q15: L | R15: L | U15: L | V15: L | W15: L | X15: L | Y15: L | AA15: L | AD15: W
A16: 14 | B16: Diogo Duarte | C16: Insua | D16: 4 | E16: 2 | F16: 2 | G16: =E16/D16 -> 0.5 | H16: =+_xlfn.XLOOKUP(D16,$B$36:$B$54,$C$36:$C$54) -> 0.21052632 | I16: =+E16/D16 -> 0.5 | J16: =I16*H16 -> 0.10526316 | X16: L | Z16: W | AC16: W | AD16: L
A17: 14 | B17: Dinis Pontes | C17: Trator | D17: 5 | E17: 2 | F17: 3 | G17: =E17/D17 -> 0.4 | H17: =+_xlfn.XLOOKUP(D17,$B$36:$B$54,$C$36:$C$54) -> 0.26315789 | I17: =+E17/D17 -> 0.4 | J17: =I17*H17 -> 0.10526316 | R17: W | X17: L | Y17: L | AA17: W | AD17: L
A18: 16 | B18: André Amorim | C18: Bolinha | D18: 1 | E18: 1 | F18: 0 | G18: =E18/D18 -> 1 | H18: =+_xlfn.XLOOKUP(D18,$B$36:$B$54,$C$36:$C$54) -> 0.052631579 | I18: =+E18/D18 -> 1 | J18: =I18*H18 -> 0.052631579 | L18: W
A19: 16 | B19: Ricardo Nunes | C19: Nunes | D19: 1 | E19: 1 | F19: 0 | G19: =E19/D19 -> 1 | H19: =+_xlfn.XLOOKUP(D19,$B$36:$B$54,$C$36:$C$54) -> 0.052631579 | I19: =+E19/D19 -> 1 | J19: =I19*H19 -> 0.052631579 | N19: W
A20: 16 | B20: António Moreira | C20: Toni Moreira | D20: 1 | E20: 1 | F20: 0 | G20: =E20/D20 -> 1 | H20: =+_xlfn.XLOOKUP(D20,$B$36:$B$54,$C$36:$C$54) -> 0.052631579 | I20: =+E20/D20 -> 1 | J20: =I20*H20 -> 0.052631579 | T20: W
A21: 16 | B21: Pedro Miranda | C21: Miranda | D21: 2 | E21: 1 | F21: 1 | G21: =E21/D21 -> 0.5 | H21: =+_xlfn.XLOOKUP(D21,$B$36:$B$54,$C$36:$C$54) -> 0.10526316 | I21: =+E21/D21 -> 0.5 | J21: =I21*H21 -> 0.052631579 | P21: W | U21: L
A22: 20 | B22: Bruno Silva | C22: Bruno | D22: 2 | E22: 0 | F22: 2 | G22: =E22/D22 -> 0 | H22: =+_xlfn.XLOOKUP(D22,$B$36:$B$54,$C$36:$C$54) -> 0.10526316 | I22: =+E22/D22 -> 0 | J22: =I22*H22 -> 0 | M22: L | P22: L
A23: 20 | B23: João Órfão | C23: Órfão | D23: 3 | E23: 0 | F23: 3 | G23: =E23/D23 -> 0 | H23: =+_xlfn.XLOOKUP(D23,$B$36:$B$54,$C$36:$C$54) -> 0.15789474 | I23: =+E23/D23 -> 0 | J23: =I23*H23 -> 0 | AA23: L | AB23: L | AC23: L
A24: 20 | B24: Peliteiro | C24: Peli | D24: 1 | E24: 0 | F24: 1 | G24: =E24/D24 -> 0 | H24: =+_xlfn.XLOOKUP(D24,$B$36:$B$54,$C$36:$C$54) -> 0.052631579 | I24: =+E24/D24 -> 0 | J24: =I24*H24 -> 0 | N24: L
A25: 20 | B25: Bruno Antunes | C25: Antunes | D25: 1 | E25: 0 | F25: 1 | G25: =E25/D25 -> 0 | H25: =+_xlfn.XLOOKUP(D25,$B$36:$B$54,$C$36:$C$54) -> 0.052631579 | I25: =+E25/D25 -> 0 | J25: =I25*H25 -> 0 | O25: L
A26: 20 | B26: Miguel Pacheco | C26: Mike | D26: 1 | E26: 0 | F26: 1 | G26: =E26/D26 -> 0 | H26: =+_xlfn.XLOOKUP(D26,$B$36:$B$54,$C$36:$C$54) -> 0.052631579 | I26: =+E26/D26 -> 0 | J26: =I26*H26 -> 0 | O26: L
A27: 20 | B27: Filipe Sá | C27: Sá | D27: 1 | E27: 0 | F27: 1 | G27: =E27/D27 -> 0 | H27: =+_xlfn.XLOOKUP(D27,$B$36:$B$54,$C$36:$C$54) -> 0.052631579 | I27: =+E27/D27 -> 0 | J27: =I27*H27 -> 0 | Q27: L
A28: 20 | B28: Renato Pereira | C28: Renato | D28: 1 | E28: 0 | F28: 1 | G28: =E28/D28 -> 0 | H28: =+_xlfn.XLOOKUP(D28,$B$36:$B$54,$C$36:$C$54) -> 0.052631579 | I28: =+E28/D28 -> 0 | J28: =I28*H28 -> 0 | R28: L
A29: 20 | B29: Rúben Costa | C29: Rúben | D29: 1 | E29: 0 | F29: 1 | G29: =E29/D29 -> 0 | H29: =+_xlfn.XLOOKUP(D29,$B$36:$B$54,$C$36:$C$54) -> 0.052631579 | I29: =+E29/D29 -> 0 | J29: =I29*H29 -> 0 | Z29: L
A30: 20 | B30: João Ramos | C30: Cona Torta | D30: 1 | E30: 0 | F30: 1 | G30: =E30/D30 -> 0 | H30: =+_xlfn.XLOOKUP(D30,$B$36:$B$54,$C$36:$C$54) -> 0.052631579 | I30: =+E30/D30 -> 0 | J30: =I30*H30 -> 0 | Z30: L
A31: 20 | B31: Alexandre Silva | C31: Peixe | D31: 1 | E31: 0 | F31: 1 | G31: =E31/D31 -> 0 | H31: =+_xlfn.XLOOKUP(D31,$B$36:$B$54,$C$36:$C$54) -> 0.052631579 | I31: =+E31/D31 -> 0 | J31: =I31*H31 -> 0 | Z31: L
D32: =SUM(D3:D31) -> 190 | E32: =SUM(E3:E31) -> 95 | F32: =SUM(F3:F31) -> 95
B33: Numero de semanas | D33: =D32/10 -> 19
B35: Fator | G35: {=TRANSPOSE(F36:F46)} -> Capela | H35: Quim | I35: Vieira | J35: Edu | K35: Campos | L35: Dimas | M35: Zé Miguel | N35: Tigas | O35: Xico Sant. | P35: Gui M. | Q35: João S. | S35: 45369 | T35: Capela vs Xico Santos | X35: Maior streak de vitórias | AA35: Xico S. | AB35: 5
B36: 1 | C36: =+B36/$D$33 -> 0.052631579 | F36: Capela | H36: =G37 -> 45418 | I36: =G38 -> 45376 | J36: 45467 | O36: =G44 -> 18/mar e 13/mai | P36: 45397 | Q36: =G46 -> 45502 | S36: 45376 | T36: Capela vs Vieira | X36: Streak de vitórias atual | AA36: Zé Miguel | AB36: 4
B37: 2 | C37: =+B37/$D$33 -> 0.10526316 | F37: Quim | G37: 45418 | J37: =H39 -> 45411 | K37: 45460 | N37: 45488 | S37: 45383 | T37: Sugestão Capela | X37: Maior streak de derrotas | AA37: Tigas | AB37: 8
B38: 3 | C38: =+B38/$D$33 -> 0.15789474 | F38: Vieira | G38: 45376 | K38: 45476 | M38: 45446 | O38: 45390 | S38: 45390 | T38: Xico S. vs Vieira | X38: Streak de derrotas atual | AA38: Órfão | AB38: 3
B39: 4 | C39: =+B39/$D$33 -> 0.21052632 | F39: Edu | G39: 45467 | H39: 45411 | L39: 45453 | S39: 45397 | T39: Capela vs Gui
B40: 5 | C40: =+B40/$D$33 -> 0.26315789 | F40: Campos | H40: 45460 | I40: 45476 | N40: 45432 | S40: 45404 | T40: Sugestão Gui | X40: Presenças
B41: 6 | C41: =+B41/$D$33 -> 0.31578947 | F41: Dimas | J41: 45453 | M41: 45481 | O41: 45495 | S41: 45411 | T41: Edu vs Quim | X41: Top10 | Y41: Nome | Z41: Jogos | AA41: Restantes | AB41: Nome | AC41: Jogos
B42: 7 | C42: =+B42/$D$33 -> 0.36842105 | F42: Zé Miguel | I42: 45446 | L42: 45481 | S42: 45418 | T42: Capela vs Quim | X42: 1 | Y42: Capela | Z42: 19 | AA42: 11 | AB42: Gui M. | AC42: 8
B43: 8 | C43: =+B43/$D$33 -> 0.42105263 | F43: Tigas | H43: 45488 | K43: 45432 | S43: 45425 | T43: Capela vs Xico Santos | X43: 1 | Y43: Quim | Z43: 19 | AA43: 12 | AB43: Trator | AC43: 5
B44: 9 | C44: =+B44/$D$33 -> 0.47368421 | F44: Xico Sant. | G44: 18/mar e 13/mai | I44: =O38 -> 45390 | L44: 45495 | S44: 45432 | T44: Campos vs Tigas | X44: 3 | Y44: Vieira | Z44: 18 | AA44: 13 | AB44: Dipi | AC44: 4
B45: 10 | C45: =+B45/$D$33 -> 0.52631579 | F45: Gui M. | G45: =P36 -> 45397 | S45: 45439 | T45: Porto vs Resto | X45: 4 | Y45: Campos | Z45: 17 | AA45: 13 | AB45: Jorginho | AC45: 4
B46: 11 | C46: =+B46/$D$33 -> 0.57894737 | F46: João S. | G46: 45502 | S46: 45446 | T46: Vieira vs Zé Miguel | X46: 5 | Y46: Dimas | Z46: 16 | AA46: 13 | AB46: Insua | AC46: 4
B47: 12 | C47: =+B47/$D$33 -> 0.63157895 | G47: =COUNTA(G36:G46) -> 6 | H47: =COUNTA(H36:H46) -> 4 | I47: =COUNTA(I36:I46) -> 4 | J47: =COUNTA(J36:J46) -> 3 | K47: =COUNTA(K36:K46) -> 3 | L47: =COUNTA(L36:L46) -> 3 | M47: =COUNTA(M36:M46) -> 2 | N47: =COUNTA(N36:N46) -> 2 | ... Q47: =COUNTA(Q36:Q46) -> 1 | S47: 45453 | T47: Edu vs Dimas | X47: 6 | Y47: Edu | Z47: 15 | AA47: 16 | AB47: Órfão | AC47: 3
B48: 13 | C48: =+B48/$D$33 -> 0.68421053 | S48: 45460 | T48: Campos vs Quim | X48: 7 | Y48: Zé Miguel | Z48: 13 | AA48: 17 | AB48: Bruno S. | AC48: 2
B49: 14 | C49: =+B49/$D$33 -> 0.73684211 | S49: 45467 | T49: Capela vs Edu | X49: 8 | Y49: Tigas | Z49: 12 | AA49: 17 | AB49: Miranda | AC49: 2
B50: 15 | C50: =+B50/$D$33 -> 0.78947368 | S50: 45476 | T50: Vieira vs Campos | X50: 9 | Y50: Xico S. | Z50: 9 | AA50: 19 | AB50: Bolinha | AC50: 1
B51: 16 | C51: =+B51/$D$33 -> 0.84210526 | S51: 45481 | T51: Dimas vs Zé Miguel | X51: 9 | Y51: Rui Vaz | Z51: 9 | AA51: 19 | AB51: Ricardo N. | AC51: 1
B52: 17 | C52: =+B52/$D$33 -> 0.89473684 | S52: 45488 | T52: Quim vs Tigas | AA52: 19 | AB52: António M. | AC52: 1
B53: 18 | C53: =+B53/$D$33 -> 0.94736842 | S53: 45495 | T53: Dimas vs Xico Santos | AA53: 19 | AB53: Peliteiro | AC53: 1
B54: 19 | C54: =+B54/$D$33 -> 1 | S54: 45502 | T54: Capela vs Jorginho | AA54: 19 | AB54: Bruno A. | AC54: 1
AA55: 19 | AB55: Mike | AC55: 1
AA56: 19 | AB56: Filipe Sá | AC56: 1
AA57: 19 | AB57: Renato P. | AC57: 1
AA58: 19 | AB58: Rúben C. | AC58: 1
AA59: 19 | AB59: Cona Torta | AC59: 1
AA60: 19 | AB60: Peixe | AC60: 1

Sheet UCL WS
A1: Retorta League WS (05/09/2024 a 28/01/2025)
A2: Ranking | B2: Jogadores | C2: Alcunha | D2: Jogos | E2: Vitórias | F2: Derrotas | G2: Win Rate | H2: Fator | I2: Média base | J2: Média ponderada | L2: 45540 | M2: 45551 | N2: 45558 | O2: 45565 | P2: 45572 | Q2: 45579 | R2: 45586 | S2: 45593 | T2: 45600 | U2: 45607 | V2: 45615 | W2: 45621 | X2: 45629 | Y2: 45635 | Z2: 45643 | AA2: 45663 | AB2: 45670 | AC2: 45677 | AD2: 45685
A3: 1 | B3: João Capela | C3: Capela | D3: 18 | E3: 13 | F3: 5 | G3: =E3/D3 -> 0.72222222 | H3: =VLOOKUP(D3,$B$40:$C$57,2,FALSE) -> 0.94736842 | I3: =+E3/D3 -> 0.72222222 | J3: =I3*H3 -> 0.68421053 | L3: L | M3: W | N3: W | O3: W | Q3: L | R3: L | S3: W | T3: W | U3: W | V3: W | W3: W | X3: L | Y3: W | Z3: W | AA3: W | AB3: W | AC3: L | AD3: W
A4: 2 | B4: Rodrigo Silva | C4: Rodrigo | D4: 16 | E4: 9 | F4: 7 | G4: =E4/D4 -> 0.5625 | H4: =VLOOKUP(D4,$B$40:$C$57,2,FALSE) -> 0.84210526 | I4: =+E4/D4 -> 0.5625 | J4: =I4*H4 -> 0.47368421 | M4: L | N4: W | O4: W | P4: L | Q4: W | R4: W | S4: L | T4: W | U4: W | V4: W | W4: L | X4: L | Y4: L | AB4: W | AC4: W | AD4: L
A5: 3 | B5: Joaquim Torrão | C5: Quim | D5: 15 | E5: 8 | F5: 7 | G5: =E5/D5 -> 0.53333333 | H5: =VLOOKUP(D5,$B$40:$C$57,2,FALSE) -> 0.78947368 | I5: =+E5/D5 -> 0.53333333 | J5: =I5*H5 -> 0.42105263 | P5: W | Q5: L | R5: L | S5: W | T5: L | U5: W | V5: W | W5: L | X5: W | Y5: W | Z5: L | AA5: W | AB5: W | AC5: L | AD5: L
A6: 3 | B6: Francisco Campos | C6: Campos | D6: 15 | E6: 8 | F6: 7 | G6: =E6/D6 -> 0.53333333 | H6: =VLOOKUP(D6,$B$40:$C$57,2,FALSE) -> 0.78947368 | I6: =+E6/D6 -> 0.53333333 | J6: =I6*H6 -> 0.42105263 | L6: L | M6: L | O6: W | P6: W | Q6: W | T6: L | U6: W | W6: L | X6: L | Y6: W | Z6: L | AA6: W | AB6: W | AC6: W | AD6: L
A7: 5 | B7: Francisco Santos | C7: Xico Santos | D7: 11 | E7: 7 | F7: 4 | G7: =E7/D7 -> 0.63636364 | H7: =VLOOKUP(D7,$B$40:$C$57,2,FALSE) -> 0.57894737 | I7: =+E7/D7 -> 0.63636364 | J7: =I7*H7 -> 0.36842105 | L7: W | M7: W | N7: L | O7: W | P7: L | S7: W | X7: W | Y7: W | Z7: L | AB7: L | AD7: W
A8: 5 | B8: Simão Mendes | C8: Simão | D8: 13 | E8: 7 | F8: 6 | G8: =E8/D8 -> 0.53846154 | H8: =VLOOKUP(D8,$B$40:$C$57,2,FALSE) -> 0.68421053 | I8: =+E8/D8 -> 0.53846154 | J8: =I8*H8 -> 0.36842105 | N8: W | O8: L | P8: W | R8: W | S8: L | T8: L | V8: L | W8: W | X8: W | Y8: L | AB8: L | AC8: W | AD8: W
A9: 7 | B9: João Silva | C9: Alex | D9: 15 | E9: 6 | F9: 9 | G9: =E9/D9 -> 0.4 | H9: =VLOOKUP(D9,$B$40:$C$57,2,FALSE) -> 0.78947368 | I9: =+E9/D9 -> 0.4 | J9: =I9*H9 -> 0.31578947 | M9: L | N9: L | O9: W | P9: L | R9: W | S9: L | T9: W | U9: L | V9: W | W9: W | X9: L | Y9: L | AB9: L | AC9: W | AD9: L
A10: 7 | B10: Pedro Vieira | C10: Vieira | D10: 12 | E10: 6 | F10: 6 | G10: =E10/D10 -> 0.5 | H10: =VLOOKUP(D10,$B$40:$C$57,2,FALSE) -> 0.63157895 | I10: =+E10/D10 -> 0.5 | J10: =I10*H10 -> 0.31578947 | L10: W | M10: L | O10: L | P10: L | Q10: W | R10: L | S10: W | T10: W | U10: L | V10: L | X10: W | Z10: W
A11: 9 | B11: Renato Pereira | C11: Renato | D11: 9 | E11: 4 | F11: 5 | G11: =E11/D11 -> 0.44444444 | H11: =VLOOKUP(D11,$B$40:$C$57,2,FALSE) -> 0.47368421 | I11: =+E11/D11 -> 0.44444444 | J11: =I11*H11 -> 0.21052632 | Q11: L | R11: W | T11: W | W11: L | Y11: W | Z11: L | AA11: L | AC11: L | AD11: W
A12: 10 | B12: Guilherme Moura | C12: Gui Moura | D12: 8 | E12: 3 | F12: 5 | G12: =E12/D12 -> 0.375 | H12: =VLOOKUP(D12,$B$40:$C$57,2,FALSE) -> 0.42105263 | I12: =+E12/D12 -> 0.375 | J12: =I12*H12 -> 0.15789474 | Q12: L | R12: L | T12: L | X12: W | Z12: W | AA12: L | AB12: W | AC12: L
A13: 10 | B13: Rui Vaz | C13: Rui Vaz | D13: 8 | E13: 3 | F13: 5 | G13: =E13/D13 -> 0.375 | H13: =VLOOKUP(D13,$B$40:$C$57,2,FALSE) -> 0.42105263 | I13: =+E13/D13 -> 0.375 | J13: =I13*H13 -> 0.15789474 | M13: W | O13: L | P13: W | S13: L | U13: L | W13: L | Z13: L | AA13: W
A14: 10 | B14: João Santos | C14: Jorginho | D14: 7 | E14: 3 | F14: 4 | G14: =E14/D14 -> 0.42857143 | H14: =VLOOKUP(D14,$B$40:$C$57,2,FALSE) -> 0.36842105 | I14: =+E14/D14 -> 0.42857143 | J14: =I14*H14 -> 0.15789474 | L14: L | O14: L | Q14: W | S14: L | T14: L | U14: W | W14: W
A15: 13 | B15: Francisco Sá | C15: Xico Sá | D15: 5 | E15: 2 | F15: 3 | G15: =E15/D15 -> 0.4 | H15: =VLOOKUP(D15,$B$40:$C$57,2,FALSE) -> 0.26315789 | I15: =+E15/D15 -> 0.4 | J15: =I15*H15 -> 0.10526316 | R15: W | U15: L | V15: L | X15: L | Z15: W
A16: 13 | B16: Francisco Fonte | C16: Fonte | D16: 5 | E16: 2 | F16: 3 | G16: =E16/D16 -> 0.4 | H16: =VLOOKUP(D16,$B$40:$C$57,2,FALSE) -> 0.26315789 | I16: =+E16/D16 -> 0.4 | J16: =I16*H16 -> 0.10526316 | U16: L | W16: W | AB16: L | AC16: W | AD16: L
A17: 13 | B17: Rui Dimas | C17: Dimas | D17: 4 | E17: 2 | F17: 2 | G17: =E17/D17 -> 0.5 | H17: =VLOOKUP(D17,$B$40:$C$57,2,FALSE) -> 0.21052632 | I17: =+E17/D17 -> 0.5 | J17: =I17*H17 -> 0.10526316 | M17: L | P17: W | Q17: W | R17: L
A18: 13 | B18: Diogo Duarte | C18: Insua | D18: 3 | E18: 2 | F18: 1 | G18: =E18/D18 -> 0.66666667 | H18: =VLOOKUP(D18,$B$40:$C$57,2,FALSE) -> 0.15789474 | I18: =+E18/D18 -> 0.66666667 | J18: =I18*H18 -> 0.10526316 | L18: L | M18: W | N18: W
A19: 13 | B19: Filipe Gomes | C19: Mini | D19: 3 | E19: 2 | F19: 1 | G19: =E19/D19 -> 0.66666667 | H19: =VLOOKUP(D19,$B$40:$C$57,2,FALSE) -> 0.15789474 | I19: =+E19/D19 -> 0.66666667 | J19: =I19*H19 -> 0.10526316 | L19: W | N19: L | Z19: W
A20: 18 | B20: Rosa | C20: Rosa | D20: 3 | E20: 1 | F20: 2 | G20: =E20/D20 -> 0.33333333 | H20: =VLOOKUP(D20,$B$40:$C$57,2,FALSE) -> 0.15789474 | I20: =+E20/D20 -> 0.33333333 | J20: =I20*H20 -> 0.052631579 | AA20: L | AC20: L | AD20: W
A21: 18 | B21: Daniel Marafona | C21: Mara | D21: 2 | E21: 1 | F21: 1 | G21: =E21/D21 -> 0.5 | H21: =VLOOKUP(D21,$B$40:$C$57,2,FALSE) -> 0.10526316 | I21: =+E21/D21 -> 0.5 | J21: =I21*H21 -> 0.052631579 | S21: W | Y21: L
A22: 18 | B22: José Miguel Ferreira | C22: Zé Miguel | D22: 2 | E22: 1 | F22: 1 | G22: =E22/D22 -> 0.5 | H22: =VLOOKUP(D22,$B$40:$C$57,2,FALSE) -> 0.10526316 | I22: =+E22/D22 -> 0.5 | J22: =I22*H22 -> 0.052631579 | V22: L | AA22: W
A23: 18 | B23: Ricardo Miranda | C23: Miranda Sr. | D23: 1 | E23: 1 | F23: 0 | G23: =E23/D23 -> 1 | H23: =VLOOKUP(D23,$B$40:$C$57,2,FALSE) -> 0.052631579 | I23: =+E23/D23 -> 1 | J23: =I23*H23 -> 0.052631579 | L23: W
A24: 18 | C24: Slim | D24: 1 | E24: 1 | F24: 0 | G24: =E24/D24 -> 1 | H24: =VLOOKUP(D24,$B$40:$C$57,2,FALSE) -> 0.052631579 | I24: =+E24/D24 -> 1 | J24: =I24*H24 -> 0.052631579 | L24: W
A25: 18 | B25: Bruno Silva | C25: Bruno | D25: 1 | E25: 1 | F25: 0 | G25: =E25/D25 -> 1 | H25: =VLOOKUP(D25,$B$40:$C$57,2,FALSE) -> 0.052631579 | I25: =+E25/D25 -> 1 | J25: =I25*H25 -> 0.052631579 | M25: W
A26: 18 | B26: João Cruz | C26: Cruz | D26: 1 | E26: 1 | F26: 0 | G26: =E26/D26 -> 1 | H26: =VLOOKUP(D26,$B$40:$C$57,2,FALSE) -> 0.052631579 | I26: =+E26/D26 -> 1 | J26: =I26*H26 -> 0.052631579 | N26: W
A27: 18 | B27: André Ferreira | C27: Ferreira | D27: 1 | E27: 1 | F27: 0 | G27: =E27/D27 -> 1 | H27: =VLOOKUP(D27,$B$40:$C$57,2,FALSE) -> 0.052631579 | I27: =+E27/D27 -> 1 | J27: =I27*H27 -> 0.052631579 | V27: W
A28: 26 | B28: Fernando | C28: Nando | D28: 3 | E28: 0 | F28: 3 | G28: =E28/D28 -> 0 | H28: =VLOOKUP(D28,$B$40:$C$57,2,FALSE) -> 0.15789474 | I28: =+E28/D28 -> 0 | J28: =I28*H28 -> 0 | O28: L | P28: L | Q28: L
A29: 26 | B29: José Costa | C29: Paralelo | D29: 2 | E29: 0 | F29: 2 | G29: =E29/D29 -> 0 | H29: =VLOOKUP(D29,$B$40:$C$57,2,FALSE) -> 0.10526316 | I29: =+E29/D29 -> 0 | J29: =I29*H29 -> 0 | V29: L | AB29: L
A30: 26 | B30: Guilherme Macedo | C30: Macedo | D30: 1 | E30: 0 | F30: 1 | G30: =E30/D30 -> 0 | H30: =VLOOKUP(D30,$B$40:$C$57,2,FALSE) -> 0.052631579 | I30: =+E30/D30 -> 0 | J30: =I30*H30 -> 0 | L30: L
A31: 26 | B31: Raul Trocado | C31: Trocado | D31: 1 | E31: 0 | F31: 1 | G31: =E31/D31 -> 0 | H31: =VLOOKUP(D31,$B$40:$C$57,2,FALSE) -> 0.052631579 | I31: =+E31/D31 -> 0 | J31: =I31*H31 -> 0 | N31: L
A32: 26 | B32: Tiago Lima | C32: Lima | D32: 1 | E32: 0 | F32: 1 | G32: =E32/D32 -> 0 | H32: =VLOOKUP(D32,$B$40:$C$57,2,FALSE) -> 0.052631579 | I32: =+E32/D32 -> 0 | J32: =I32*H32 -> 0 | N32: L
A33: 26 | B33: Diogo Souto | C33: Souto | D33: 1 | E33: 0 | F33: 1 | G33: =E33/D33 -> 0 | H33: =VLOOKUP(D33,$B$40:$C$57,2,FALSE) -> 0.052631579 | I33: =+E33/D33 -> 0 | J33: =I33*H33 -> 0 | Y33: L
A34: 26 | B34: Francisco Silva | C34: Xico Silva | D34: 1 | E34: 0 | F34: 1 | G34: =E34/D34 -> 0 | H34: =VLOOKUP(D34,$B$40:$C$57,2,FALSE) -> 0.052631579 | I34: =+E34/D34 -> 0 | J34: =I34*H34 -> 0 | AA34: L
A35: 26 | B35: Bruno Maia | C35: Maia | D35: 1 | E35: 0 | F35: 1 | G35: =E35/D35 -> 0 | H35: =VLOOKUP(D35,$B$40:$C$57,2,FALSE) -> 0.052631579 | I35: =+E35/D35 -> 0 | J35: =I35*H35 -> 0 | AA35: L
D36: =SUM(D3:D35) -> 190 | E36: =SUM(E3:E35) -> 95 | F36: =SUM(F3:F35) -> 95
B37: Numero de semanas | D37: =D36/10 -> 19
B39: Fator | G39: {=TRANSPOSE(F40:F50)} -> Capela | H39: Quim | I39: Vieira | J39: Jorginho | K39: Campos | L39: Dimas | M39: Alex | N39: Rodri | O39: Xico Sant. | P39: Rui Vaz | Q39: Simão | S39: 45540 | T39: Vieira vs Capela | X39: Maior streak de vitórias | AA39: Capela | AC39: 5
B40: 1 | C40: =B40/$D$37 -> 0.052631579 | F40: Capela | H40: 45621 | I40: 45540 | N40: 21/out e 28/jan | S40: 45544 | T40: A. Vieira vs A. Capela | X40: Streak de vitórias atual | AA40: Simão, Vieira, Jorginho e Insua | AC40: 2
B41: 2 | C41: =B41/$D$37 -> 0.10526316 | F41: Quim | G41: 45621 | L41: 45579 | M41: 45670 | S41: 45551 | T41: Vieira vs Xico Santos | X41: Maior streak de derrotas | AA41: Rui Vaz | AC41: 4
B42: 3 | C42: =B42/$D$37 -> 0.15789474 | F42: Vieira | G42: 45540 | J42: 45607 | M42: 45565 | O42: 45551 | P42: 45643 | S42: 45558 | T42: Vieira fez as equipas | X42: Streak de derrotas atual | AA42: Nando | AC42: 3
B43: 4 | C43: =B43/$D$37 -> 0.21052632 | F43: Jorginho | I43: 45607 | S43: 45565 | T43: Vieira vs Alex
B44: 5 | C44: =B44/$D$37 -> 0.26315789 | F44: Campos | M44: 45600 | N44: 45572 | S44: 45572 | T44: Rodri vs Campos | X44: Presenças
B45: 6 | C45: =B45/$D$37 -> 0.31578947 | F45: Dimas | H45: 45579 | S45: 45579 | T45: Dimas vs Quim | X45: Top10 | Y45: Nome | Z45: Jogos | AA45: Restantes | AB45: Nome | AC45: Jogos
B46: 7 | C46: =B46/$D$37 -> 0.36842105 | F46: Alex | H46: 45670 | I46: 45565 | K46: 45600 | Q46: 45615 | S46: 45586 | T46: Capela vs Rodri | X46: 1 | Y46: Capela | Z46: 18 | AA46: 12 | AB46: Jorginho | AC46: 7
B47: 8 | C47: =B47/$D$37 -> 0.42105263 | F47: Rodri | G47: 21/out e 28/jan | K47: 45572 | O47: 45629 | S47: 45593 | T47: Xico Santos vs Simão | X47: 2 | Y47: Rodrigo | Z47: 16 | AA47: 13 | AB47: Xico Sá | AC47: 5
B48: 9 | C48: =B48/$D$37 -> 0.47368421 | F48: Xico Sant. | I48: 45551 | N48: 45629 | Q48: 45593 | S48: 45600 | T48: Alex vs Campos | X48: 3 | Y48: Alex | Z48: 15 | AA48: 13 | AB48: Fonte | AC48: 5
B49: 10 | C49: =B49/$D$37 -> 0.52631579 | F49: Rui Vaz | I49: 45643 | S49: 45607 | T49: Vieira vs Jorginho | X49: 3 | Y49: Quim | Z49: 15 | AA49: 15 | AB49: Dimas | AC49: 4
B50: 11 | C50: =B50/$D$37 -> 0.57894737 | F50: Simão | M50: 45615 | O50: 45593 | S50: 45615 | T50: Alex vs Simão | X50: 3 | Y50: Campos | Z50: 15 | AA50: 16 | AB50: Nando | AC50: 3
B51: 12 | C51: =B51/$D$37 -> 0.63157895 | G51: 4 | H51: =COUNTA(H40:H50) -> 3 | I51: =COUNTA(I40:I50) -> 5 | J51: =COUNTA(J40:J50) -> 1 | K51: =COUNTA(K40:K50) -> 2 | L51: =COUNTA(L40:L50) -> 1 | M51: =COUNTA(M40:M50) -> 4 | N51: 4 | O51: =COUNTA(O40:O50) -> 3 | P51: =COUNTA(P40:P50) -> 1 | Q51: =COUNTA(Q40:Q50) -> 2 | S51: 45621 | T51: Capela vs Quim | X51: 6 | Y51: Simão | Z51: 13 | AA51: 16 | AB51: Mini | AC51: 3
B52: 13 | C52: =B52/$D$37 -> 0.68421053 | S52: 45629 | T52: Rodri vs Xico Santos | X52: 7 | Y52: Vieira | Z52: 12 | AA52: 16 | AB52: Insua | AC52: 3
B53: 14 | C53: =B53/$D$37 -> 0.73684211 | S53: 45635 | T53: Simão vs Campos | X53: 8 | Y53: Xico Sant. | Z53: 11 | AA53: 16 | AB53: Rosa | AC53: 3
B54: 15 | C54: =B54/$D$37 -> 0.78947368 | S54: 45643 | T54: Vieira vs Rui Vaz | X54: 9 | Y54: Renato | Z54: 9 | AA54: 20 | AB54: Mara | AC54: 2
B55: 16 | C55: =B55/$D$37 -> 0.84210526 | S55: 45663 | T55: A. Gui vs Resto | X55: 10 | Y55: Rui Vaz | Z55: 8 | AA55: 20 | AB55: Paralelo | AC55: 2
B56: 17 | C56: =B56/$D$37 -> 0.89473684 | S56: 45670 | T56: Quim vs Alex | X56: 10 | Y56: Gui Moura | Z56: 8 | AA56: 20 | AB56: Zé Miguel | AC56: 2
B57: 18 | C57: =B57/$D$37 -> 0.94736842 | S57: 45677 | T57: Mãos vs Trofense | AA57: 23 | AB57: Slim | AC57: 1
B58: 19 | C58: =B58/$D$37 -> 1 | S58: 45685 | T58: Capela vs Rodri | AA58: 23 | AB58: Bruno | AC58: 1
AA59: 23 | AB59: Miranda Sr. | AC59: 1
AA60: 23 | AB60: Trocado | AC60: 1
AA61: 23 | AB61: Macedo | AC61: 1
AA62: 23 | AB62: Ferreira | AC62: 1
AA63: 23 | AB63: Cruz | AC63: 1
AA64: 23 | AB64: Maia | AC64: 1
AA65: 23 | AB65: Souto | AC65: 1
AA66: 23 | AB66: Lima | AC66: 1
AA67: 23 | AB67: Xico Silva | AC67: 1

Sheet UCL SS 2ed
A1: Retorta League SS 2ed (06/03/2025 a 07/07/2025)
A2: Ranking | B2: Jogadores | C2: Alcunha | D2: Jogos | E2: Vitórias | F2: Derrotas | G2: Win Rate | H2: Fator | I2: Média base | J2: Média ponderada | L2: 45722 | M2: 45729 | N2: 45733 | O2: 45740 | P2: 45747 | Q2: 45754 | R2: 45761 | S2: 45768 | T2: 45776 | U2: 45782 | V2: 45789 | W2: 45796 | X2: 45803 | Y2: 45813 | Z2: 45819 | AA2: 45824 | AB2: 45834 | AC2: 45838 | AD2: =AC2+7 -> 45845
A3: 1 | B3: Joaquim Torrão | C3: Quim | D3: =+COUNTA(L3:AD3) -> 19 | E3: =+COUNTIF(L3:AD3,"W") -> 12 | F3: =+COUNTIF(L3:AD3,"L") -> 7 | G3: =E3/D3 -> 0.63157895 | H3: =VLOOKUP(D3,$B$55:$C$73,2,FALSE) -> 1 | I3: =+E3/D3 -> 0.63157895 | J3: =I3*H3 -> 0.63157895 | L3: W | M3: W | N3: W | O3: L | P3: L | Q3: W | R3: L | S3: L | T3: W | U3: L | V3: W | W3: W | X3: W | Y3: W | Z3: L | AA3: W | AB3: L | AC3: W | AD3: W
A4: 2 | B4: João Capela | C4: Capela | D4: =+COUNTA(L4:AD4) -> 18 | E4: =+COUNTIF(L4:AD4,"W") -> 9 | F4: =+COUNTIF(L4:AD4,"L") -> 9 | G4: =E4/D4 -> 0.5 | H4: =VLOOKUP(D4,$B$55:$C$73,2,FALSE) -> 0.94736842 | I4: =+E4/D4 -> 0.5 | J4: =I4*H4 -> 0.47368421 | L4: W | M4: L | N4: L | O4: W | P4: W | R4: L | S4: L | T4: W | U4: L | V4: W | W4: W | X4: W | Y4: L | Z4: W | AA4: L | AB4: W | AC4: L | AD4: L
A5: 3 | B5: Renato Pereira | C5: Renato | D5: =+COUNTA(L5:AD5) -> 12 | E5: =+COUNTIF(L5:AD5,"W") -> 7 | F5: =+COUNTIF(L5:AD5,"L") -> 5 | G5: =E5/D5 -> 0.58333333 | H5: =VLOOKUP(D5,$B$55:$C$73,2,FALSE) -> 0.63157895 | I5: =+E5/D5 -> 0.58333333 | J5: =I5*H5 -> 0.36842105 | L5: L | M5: W | N5: W | O5: L | P5: W | Q5: L | R5: W | S5: W | T5: L | U5: W | W5: W | X5: L
A6: 4 | B6: Pedro Vieira | C6: Vieira | D6: =+COUNTA(L6:AD6) -> 12 | E6: =+COUNTIF(L6:AD6,"W") -> 6 | F6: =+COUNTIF(L6:AD6,"L") -> 6 | G6: =E6/D6 -> 0.5 | H6: =VLOOKUP(D6,$B$55:$C$73,2,FALSE) -> 0.63157895 | I6: =+E6/D6 -> 0.5 | J6: =I6*H6 -> 0.31578947 | M6: L | N6: L | P6: W | Q6: L | R6: L | S6: W | V6: L | W6: L | X6: W | AB6: W | AC6: W | AD6: W
A7: 5 | B7: Simão Mendes | C7: Simão | D7: =+COUNTA(L7:AD7) -> 7 | E7: =+COUNTIF(L7:AD7,"W") -> 5 | F7: =+COUNTIF(L7:AD7,"L") -> 2 | G7: =E7/D7 -> 0.71428571 | H7: =VLOOKUP(D7,$B$55:$C$73,2,FALSE) -> 0.36842105 | I7: =+E7/D7 -> 0.71428571 | J7: =I7*H7 -> 0.26315789 | N7: W | P7: L | Q7: W | S7: W | U7: W | V7: L | W7: W
A8: 5 | B8: Francisco Campos | C8: Campos | D8: =+COUNTA(L8:AD8) -> 9 | E8: =+COUNTIF(L8:AD8,"W") -> 5 | F8: =+COUNTIF(L8:AD8,"L") -> 4 | G8: =E8/D8 -> 0.55555556 | H8: =VLOOKUP(D8,$B$55:$C$73,2,FALSE) -> 0.47368421 | I8: =+E8/D8 -> 0.55555556 | J8: =I8*H8 -> 0.26315789 | O8: W | Q8: W | R8: W | S8: L | X8: L | Y8: W | AB8: W | AC8: L | AD8: L
A9: 5 | B9: Dinis Pontes | C9: Trator | D9: =+COUNTA(L9:AD9) -> 9 | E9: =+COUNTIF(L9:AD9,"W") -> 5 | F9: =+COUNTIF(L9:AD9,"L") -> 4 | G9: =E9/D9 -> 0.55555556 | H9: =VLOOKUP(D9,$B$55:$C$73,2,FALSE) -> 0.47368421 | I9: =+E9/D9 -> 0.55555556 | J9: =I9*H9 -> 0.26315789 | V9: L | W9: L | X9: W | Y9: W | Z9: L | AA9: W | AB9: L | AC9: W | AD9: W
A10: 8 | B10: Diogo Souto | C10: Souto | D10: =+COUNTA(L10:AD10) -> 6 | E10: =+COUNTIF(L10:AD10,"W") -> 4 | F10: =+COUNTIF(L10:AD10,"L") -> 2 | G10: =E10/D10 -> 0.66666667 | H10: =VLOOKUP(D10,$B$55:$C$73,2,FALSE) -> 0.31578947 | I10: =+E10/D10 -> 0.66666667 | J10: =I10*H10 -> 0.21052632 | T10: W | U10: W | V10: W | W10: W | X10: L | AC10: L
A11: 8 | B11: João Silva | C11: Alex | D11: =+COUNTA(L11:AD11) -> 9 | E11: =+COUNTIF(L11:AD11,"W") -> 4 | F11: =+COUNTIF(L11:AD11,"L") -> 5 | G11: =E11/D11 -> 0.44444444 | H11: =VLOOKUP(D11,$B$55:$C$73,2,FALSE) -> 0.47368421 | I11: =+E11/D11 -> 0.44444444 | J11: =I11*H11 -> 0.21052632 | N11: W | O11: L | Q11: L | S11: W | U11: L | V11: W | X11: L | Z11: L | AC11: W
A12: 10 | B12: Francisco Fonte | C12: Fonte | D12: =+COUNTA(L12:AD12) -> 4 | E12: =+COUNTIF(L12:AD12,"W") -> 3 | F12: =+COUNTIF(L12:AD12,"L") -> 1 | G12: =E12/D12 -> 0.75 | H12: =VLOOKUP(D12,$B$55:$C$73,2,FALSE) -> 0.21052632 | I12: =+E12/D12 -> 0.75 | J12: =I12*H12 -> 0.15789474 | N12: W | O12: W | Q12: L | S12: W
A13: 10 | B13: Rosa | C13: Rosa | D13: =+COUNTA(L13:AD13) -> 6 | E13: =+COUNTIF(L13:AD13,"W") -> 3 | F13: =+COUNTIF(L13:AD13,"L") -> 3 | G13: =E13/D13 -> 0.5 | H13: =VLOOKUP(D13,$B$55:$C$73,2,FALSE) -> 0.31578947 | I13: =+E13/D13 -> 0.5 | J13: =I13*H13 -> 0.15789474 | L13: L | M13: L | Q13: W | R13: W | T13: L | U13: W
A14: 10 | B14: Raul Trocado | C14: Trocado | D14: =+COUNTA(L14:AD14) -> 3 | E14: =+COUNTIF(L14:AD14,"W") -> 3 | F14: =+COUNTIF(L14:AD14,"L") -> 0 | G14: =E14/D14 -> 1 | H14: =VLOOKUP(D14,$B$55:$C$73,2,FALSE) -> 0.15789474 | I14: =+E14/D14 -> 1 | J14: =I14*H14 -> 0.15789474 | L14: W | P14: W | AB14: W
A15: 13 | B15: Guilherme Moura | C15: Gui Moura | D15: =+COUNTA(L15:AD15) -> 11 | E15: =+COUNTIF(L15:AD15,"W") -> 2 | F15: =+COUNTIF(L15:AD15,"L") -> 9 | G15: =E15/D15 -> 0.18181818 | H15: =VLOOKUP(D15,$B$55:$C$73,2,FALSE) -> 0.57894737 | I15: =+E15/D15 -> 0.18181818 | J15: =I15*H15 -> 0.10526316 | L15: L | M15: L | N15: L | O15: L | P15: W | Q15: L | R15: W | S15: L | T15: L | X15: L | AC15: L
A16: 13 | B16: Diogo Duarte | C16: Insua | D16: =+COUNTA(L16:AD16) -> 7 | E16: =+COUNTIF(L16:AD16,"W") -> 2 | F16: =+COUNTIF(L16:AD16,"L") -> 5 | G16: =E16/D16 -> 0.28571429 | H16: =VLOOKUP(D16,$B$55:$C$73,2,FALSE) -> 0.36842105 | I16: =+E16/D16 -> 0.28571429 | J16: =I16*H16 -> 0.10526316 | T16: L | U16: L | V16: W | W16: L | X16: W | Y16: L | Z16: L
A17: 13 | B17: Rodrigo Silva | C17: Rodrigo | D17: =+COUNTA(L17:AD17) -> 4 | E17: =+COUNTIF(L17:AD17,"W") -> 2 | F17: =+COUNTIF(L17:AD17,"L") -> 2 | G17: =E17/D17 -> 0.5 | H17: =VLOOKUP(D17,$B$55:$C$73,2,FALSE) -> 0.21052632 | I17: =+E17/D17 -> 0.5 | J17: =I17*H17 -> 0.10526316 | O17: L | Q17: W | S17: L | Z17: W
A18: 13 | B18: Pedro Gomes | C18: Jonas | D18: =+COUNTA(L18:AD18) -> 3 | E18: =+COUNTIF(L18:AD18,"W") -> 2 | F18: =+COUNTIF(L18:AD18,"L") -> 1 | G18: =E18/D18 -> 0.66666667 | H18: =VLOOKUP(D18,$B$55:$C$73,2,FALSE) -> 0.15789474 | I18: =+E18/D18 -> 0.66666667 | J18: =I18*H18 -> 0.10526316 | R18: L | Y18: W | Z18: W
A19: 13 | B19: João Órfão | C19: Órfão | D19: =+COUNTA(L19:AD19) -> 4 | E19: =+COUNTIF(L19:AD19,"W") -> 2 | F19: =+COUNTIF(L19:AD19,"L") -> 2 | G19: =E19/D19 -> 0.5 | H19: =VLOOKUP(D19,$B$55:$C$73,2,FALSE) -> 0.21052632 | I19: =+E19/D19 -> 0.5 | J19: =I19*H19 -> 0.10526316 | Y19: L | Z19: W | AA19: W | AD19: L
A20: 13 | B20: Gonçalo Fernandes | C20: Gonças | D20: =+COUNTA(L20:AD20) -> 2 | E20: =+COUNTIF(L20:AD20,"W") -> 2 | F20: =+COUNTIF(L20:AD20,"L") -> 0 | G20: =E20/D20 -> 1 | H20: =VLOOKUP(D20,$B$55:$C$73,2,FALSE) -> 0.10526316 | I20: =+E20/D20 -> 1 | J20: =I20*H20 -> 0.10526316 | AA20: W | AB20: W
A21: 19 | B21: José Miguel Ferreira | C21: Zé Miguel | D21: =+COUNTA(L21:AD21) -> 3 | E21: =+COUNTIF(L21:AD21,"W") -> 1 | F21: =+COUNTIF(L21:AD21,"L") -> 2 | G21: =E21/D21 -> 0.33333333 | H21: =VLOOKUP(D21,$B$55:$C$73,2,FALSE) -> 0.15789474 | I21: =+E21/D21 -> 0.33333333 | J21: =I21*H21 -> 0.052631579 | L21: L | O21: W | AB21: L
A22: 19 | B22: João Santos | C22: Jorginho | D22: =+COUNTA(L22:AD22) -> 3 | E22: =+COUNTIF(L22:AD22,"W") -> 1 | F22: =+COUNTIF(L22:AD22,"L") -> 2 | G22: =E22/D22 -> 0.33333333 | H22: =VLOOKUP(D22,$B$55:$C$73,2,FALSE) -> 0.15789474 | I22: =+E22/D22 -> 0.33333333 | J22: =I22*H22 -> 0.052631579 | M22: W | Y22: L | AD22: L
A23: 19 | B23: Eduardo Maia | C23: Edu | D23: =+COUNTA(L23:AD23) -> 4 | E23: =+COUNTIF(L23:AD23,"W") -> 1 | F23: =+COUNTIF(L23:AD23,"L") -> 3 | G23: =E23/D23 -> 0.25 | H23: =VLOOKUP(D23,$B$55:$C$73,2,FALSE) -> 0.21052632 | I23: =+E23/D23 -> 0.25 | J23: =I23*H23 -> 0.052631579 | V23: L | AA23: L | AC23: W | AD23: L
A24: 19 | B24: António Amorim | C24: Toni | D24: =+COUNTA(L24:AD24) -> 1 | E24: =+COUNTIF(L24:AD24,"W") -> 1 | F24: =+COUNTIF(L24:AD24,"L") -> 0 | G24: =E24/D24 -> 1 | H24: =VLOOKUP(D24,$B$55:$C$73,2,FALSE) -> 0.052631579 | I24: =+E24/D24 -> 1 | J24: =I24*H24 -> 0.052631579 | L24: W
A25: 19 | B25: Tiago Lima | C25: Lima | D25: =+COUNTA(L25:AD25) -> 2 | E25: =+COUNTIF(L25:AD25,"W") -> 1 | F25: =+COUNTIF(L25:AD25,"L") -> 1 | G25: =E25/D25 -> 0.5 | H25: =VLOOKUP(D25,$B$55:$C$73,2,FALSE) -> 0.10526316 | I25: =+E25/D25 -> 0.5 | J25: =I25*H25 -> 0.052631579 | L25: W | P25: L
A26: 19 | B26: Rui Dimas | C26: Dimas | D26: =+COUNTA(L26:AD26) -> 2 | E26: =+COUNTIF(L26:AD26,"W") -> 1 | F26: =+COUNTIF(L26:AD26,"L") -> 1 | G26: =E26/D26 -> 0.5 | H26: =VLOOKUP(D26,$B$55:$C$73,2,FALSE) -> 0.10526316 | I26: =+E26/D26 -> 0.5 | J26: =I26*H26 -> 0.052631579 | M26: W | Z26: L
A27: 19 | B27: Tiago Filipe | C27: Tigas | D27: =+COUNTA(L27:AD27) -> 1 | E27: =+COUNTIF(L27:AD27,"W") -> 1 | F27: =+COUNTIF(L27:AD27,"L") -> 0 | G27: =E27/D27 -> 1 | H27: =VLOOKUP(D27,$B$55:$C$73,2,FALSE) -> 0.052631579 | I27: =+E27/D27 -> 1 | J27: =I27*H27 -> 0.052631579 | M27: W
A28: 19 | B28: Adriano Pereira | C28: Adri | D28: =+COUNTA(L28:AD28) -> 1 | E28: =+COUNTIF(L28:AD28,"W") -> 1 | F28: =+COUNTIF(L28:AD28,"L") -> 0 | G28: =E28/D28 -> 1 | H28: =VLOOKUP(D28,$B$55:$C$73,2,FALSE) -> 0.052631579 | I28: =+E28/D28 -> 1 | J28: =I28*H28 -> 0.052631579 | O28: W
A29: 19 | B29: Luís Guimarães | C29: Guimarães | D29: =+COUNTA(L29:AD29) -> 1 | E29: =+COUNTIF(L29:AD29,"W") -> 1 | F29: =+COUNTIF(L29:AD29,"L") -> 0 | G29: =E29/D29 -> 1 | H29: =VLOOKUP(D29,$B$55:$C$73,2,FALSE) -> 0.052631579 | I29: =+E29/D29 -> 1 | J29: =I29*H29 -> 0.052631579 | R29: W
A30: 19 | B30: Francisco Santos | C30: Xico Santos | D30: =+COUNTA(L30:AD30) -> 1 | E30: =+COUNTIF(L30:AD30,"W") -> 1 | F30: =+COUNTIF(L30:AD30,"L") -> 0 | G30: =E30/D30 -> 1 | H30: =VLOOKUP(D30,$B$55:$C$73,2,FALSE) -> 0.052631579 | I30: =+E30/D30 -> 1 | J30: =I30*H30 -> 0.052631579 | T30: W
A31: 19 | B31: Daniel Marafona | C31: Mara | D31: =+COUNTA(L31:AD31) -> 1 | E31: =+COUNTIF(L31:AD31,"W") -> 1 | F31: =+COUNTIF(L31:AD31,"L") -> 0 | G31: =E31/D31 -> 1 | H31: =VLOOKUP(D31,$B$55:$C$73,2,FALSE) -> 0.052631579 | I31: =+E31/D31 -> 1 | J31: =I31*H31 -> 0.052631579 | T31: W
A32: 19 | B32: Paulo Ferreira | C32: Paulo | D32: =+COUNTA(L32:AD32) -> 2 | E32: =+COUNTIF(L32:AD32,"W") -> 1 | F32: =+COUNTIF(L32:AD32,"L") -> 1 | G32: =E32/D32 -> 0.5 | H32: =VLOOKUP(D32,$B$55:$C$73,2,FALSE) -> 0.10526316 | I32: =+E32/D32 -> 0.5 | J32: =I32*H32 -> 0.052631579 | T32: L | U32: W
A33: 19 | B33: José Domingos | C33: Zé Domingos | D33: =+COUNTA(L33:AD33) -> 1 | E33: =+COUNTIF(L33:AD33,"W") -> 1 | F33: =+COUNTIF(L33:AD33,"L") -> 0 | G33: =E33/D33 -> 1 | H33: =VLOOKUP(D33,$B$55:$C$73,2,FALSE) -> 0.052631579 | I33: =+E33/D33 -> 1 | J33: =I33*H33 -> 0.052631579 | Y33: W
A34: 19 | B34: Leandro Terroso | C34: Zé Li | D34: =+COUNTA(L34:AD34) -> 2 | E34: =+COUNTIF(L34:AD34,"W") -> 1 | F34: =+COUNTIF(L34:AD34,"L") -> 1 | G34: =E34/D34 -> 0.5 | H34: =VLOOKUP(D34,$B$55:$C$73,2,FALSE) -> 0.10526316 | I34: =+E34/D34 -> 0.5 | J34: =I34*H34 -> 0.052631579 | Z34: W | AA34: L
A35: 19 | B35: João Ramos | C35: Cona Torta | D35: =+COUNTA(L35:AD35) -> 2 | E35: =+COUNTIF(L35:AD35,"W") -> 1 | F35: =+COUNTIF(L35:AD35,"L") -> 1 | G35: =E35/D35 -> 0.5 | H35: =VLOOKUP(D35,$B$55:$C$73,2,FALSE) -> 0.10526316 | I35: =+E35/D35 -> 0.5 | J35: =I35*H35 -> 0.052631579 | AA35: W | AB35: L
A36: 19 | B36: Xavier Oliveira | C36: Xavi | D36: =+COUNTA(L36:AD36) -> 1 | E36: =+COUNTIF(L36:AD36,"W") -> 1 | F36: =+COUNTIF(L36:AD36,"L") -> 0 | G36: =E36/D36 -> 1 | H36: =VLOOKUP(D36,$B$55:$C$73,2,FALSE) -> 0.052631579 | I36: =+E36/D36 -> 1 | J36: =I36*H36 -> 0.052631579 | AD36: W
A37: 19 | B37: Pedro Miranda | C37: Miranda | D37: =+COUNTA(L37:AD37) -> 2 | E37: =+COUNTIF(L37:AD37,"W") -> 1 | F37: =+COUNTIF(L37:AD37,"L") -> 1 | G37: =E37/D37 -> 0.5 | H37: =VLOOKUP(D37,$B$55:$C$73,2,FALSE) -> 0.10526316 | I37: =+E37/D37 -> 0.5 | J37: =I37*H37 -> 0.052631579 | AA37: L | AD37: W
A38: 36 | B38: Leonardo Domingos | C38: Leo | D38: =+COUNTA(L38:AD38) -> 1 | E38: =+COUNTIF(L38:AD38,"W") -> 0 | F38: =+COUNTIF(L38:AD38,"L") -> 1 | G38: =E38/D38 -> 0 | H38: =VLOOKUP(D38,$B$55:$C$73,2,FALSE) -> 0.052631579 | I38: =+E38/D38 -> 0 | J38: =I38*H38 -> 0 | L38: L
A39: 36 | B39: Diogo Castro | C39: Castro | D39: =+COUNTA(L39:AD39) -> 1 | E39: =+COUNTIF(L39:AD39,"W") -> 0 | F39: =+COUNTIF(L39:AD39,"L") -> 1 | G39: =E39/D39 -> 0 | H39: =VLOOKUP(D39,$B$55:$C$73,2,FALSE) -> 0.052631579 | I39: =+E39/D39 -> 0 | J39: =I39*H39 -> 0 | M39: L
A40: 36 | B40: Diogo Azevedo | C40: Dipi | D40: =+COUNTA(L40:AD40) -> 1 | E40: =+COUNTIF(L40:AD40,"W") -> 0 | F40: =+COUNTIF(L40:AD40,"L") -> 1 | G40: =E40/D40 -> 0 | H40: =VLOOKUP(D40,$B$55:$C$73,2,FALSE) -> 0.052631579 | I40: =+E40/D40 -> 0 | J40: =I40*H40 -> 0 | N40: L
A41: 36 | B41: Pedro Oliveira | C41: Pirussas | D41: =+COUNTA(L41:AD41) -> 1 | E41: =+COUNTIF(L41:AD41,"W") -> 0 | F41: =+COUNTIF(L41:AD41,"L") -> 1 | G41: =E41/D41 -> 0 | H41: =VLOOKUP(D41,$B$55:$C$73,2,FALSE) -> 0.052631579 | I41: =+E41/D41 -> 0 | J41: =I41*H41 -> 0 | N41: L
A42: 36 | B42: Rui Vaz | C42: Rui Vaz | D42: =+COUNTA(L42:AD42) -> 1 | E42: =+COUNTIF(L42:AD42,"W") -> 0 | F42: =+COUNTIF(L42:AD42,"L") -> 1 | G42: =E42/D42 -> 0 | H42: =VLOOKUP(D42,$B$55:$C$73,2,FALSE) -> 0.052631579 | I42: =+E42/D42 -> 0 | J42: =I42*H42 -> 0 | P42: L
A43: 36 | B43: Gonçalo Azevedo | C43: Gonçalo | D43: =+COUNTA(L43:AD43) -> 1 | E43: =+COUNTIF(L43:AD43,"W") -> 0 | F43: =+COUNTIF(L43:AD43,"L") -> 1 | G43: =E43/D43 -> 0 | H43: =VLOOKUP(D43,$B$55:$C$73,2,FALSE) -> 0.052631579 | I43: =+E43/D43 -> 0 | J43: =I43*H43 -> 0 | P43: L
A44: 36 | B44: Tiago Capela | C44: Capela Jr | D44: =+COUNTA(L44:AD44) -> 3 | E44: =+COUNTIF(L44:AD44,"W") -> 0 | F44: =+COUNTIF(L44:AD44,"L") -> 3 | G44: =E44/D44 -> 0 | H44: =VLOOKUP(D44,$B$55:$C$73,2,FALSE) -> 0.15789474 | I44: =+E44/D44 -> 0 | J44: =I44*H44 -> 0 | R44: L | U44: L | AA44: L
A45: 36 | B45: Hélder Morim | C45: Morim | D45: =+COUNTA(L45:AD45) -> 1 | E45: =+COUNTIF(L45:AD45,"W") -> 0 | F45: =+COUNTIF(L45:AD45,"L") -> 1 | G45: =E45/D45 -> 0 | H45: =VLOOKUP(D45,$B$55:$C$73,2,FALSE) -> 0.052631579 | I45: =+E45/D45 -> 0 | J45: =I45*H45 -> 0 | W45: L
A46: 36 | B46: Abel Folha | C46: Folha | D46: =+COUNTA(L46:AD46) -> 1 | E46: =+COUNTIF(L46:AD46,"W") -> 0 | F46: =+COUNTIF(L46:AD46,"L") -> 1 | G46: =E46/D46 -> 0 | H46: =VLOOKUP(D46,$B$55:$C$73,2,FALSE) -> 0.052631579 | I46: =+E46/D46 -> 0 | J46: =I46*H46 -> 0 | W46: L
A47: 36 | B47: Jó Silva | C47: Jó | D47: =+COUNTA(L47:AD47) -> 1 | E47: =+COUNTIF(L47:AD47,"W") -> 0 | F47: =+COUNTIF(L47:AD47,"L") -> 1 | G47: =E47/D47 -> 0 | H47: =VLOOKUP(D47,$B$55:$C$73,2,FALSE) -> 0.052631579 | I47: =+E47/D47 -> 0 | J47: =I47*H47 -> 0 | Y47: L
A48: 36 | B48: António Pinto | C48: Pinto | D48: =+COUNTA(L48:AD48) -> 1 | E48: =+COUNTIF(L48:AD48,"W") -> 0 | F48: =+COUNTIF(L48:AD48,"L") -> 1 | G48: =E48/D48 -> 0 | H48: =VLOOKUP(D48,$B$55:$C$73,2,FALSE) -> 0.052631579 | I48: =+E48/D48 -> 0 | J48: =I48*H48 -> 0 | V48: L
A49: 36 | B49: Bruno Cunha | C49: Bruno Cunha | D49: =+COUNTA(L49:AD49) -> 1 | E49: =+COUNTIF(L49:AD49,"W") -> 0 | F49: =+COUNTIF(L49:AD49,"L") -> 1 | G49: =E49/D49 -> 0 | H49: =VLOOKUP(D49,$B$55:$C$73,2,FALSE) -> 0.052631579 | I49: =+E49/D49 -> 0 | J49: =I49*H49 -> 0 | AC49: L
A50: 36 | B50: Diogo Moreira | C50: Moreira | D50: =+COUNTA(L50:AD50) -> 1 | E50: =+COUNTIF(L50:AD50,"W") -> 0 | F50: =+COUNTIF(L50:AD50,"L") -> 1 | G50: =E50/D50 -> 0 | H50: =VLOOKUP(D50,$B$55:$C$73,2,FALSE) -> 0.052631579 | I50: =+E50/D50 -> 0 | J50: =I50*H50 -> 0 | AB50: L
D51: =SUM(D3:D50) -> 190 | E51: =SUM(E3:E50) -> 95 | F51: =SUM(F3:F50) -> 95
B52: Numero de semanas | D52: =D51/10 -> 19
B54: Fator | G54: {=TRANSPOSE(F55:F65)} -> Capela | H54: Quim | I54: Vieira | J54: Gui Moura | K54: Campos | L54: Renato | M54: Alex | N54: Rodri | O54: Rosa | P54: Rui Vaz | Q54: Simão | S54: 45722 | T54: Mãos+Zé Miguel vs Resto | X54: Maior streak de vitórias | AA54: Souto, Quim e Vieira | AC54: 4
B55: 1 | C55: =B55/$D$52 -> 0.052631579 | F55: Capela | H55: 13/03/2025 e 05/06/2025 e 11/06/2025 e 16/06/2025 e 26/06/2025 | I55: 12 e 19/maio e 30/junho | O55: 45782 | S55: 45729 | T55: Capela vs Quim | X55: Streak de vitórias atual | AA55: Vieira | AC55: 4
B56: 2 | C56: =B56/$D$52 -> 0.10526316 | F56: Quim | G56: 13/03/2025 e 05/06/2025 e 11/06/2025 e 16/06/2025 e 26/06/2025 | J56: 31/mar e 7/abr e 26/mai | S56: 45733 | T56: Dipi vs Simão | X56: Maior streak de derrotas | AA56: Gui Moura | AC56: 4
B57: 3 | C57: =B57/$D$52 -> 0.15789474 | F57: Vieira | G57: 12 e 19/maio e 30/junho | S57: 45740 | T57: Campos vs Alex | X57: Streak de derrotas atual | AA57: Gui Moura | AC57: 4
B58: 4 | C58: =B58/$D$52 -> 0.21052632 | F58: Gui Moura | H58: 31/mar e 7/abr e 26/mai | S58: 45747 | T58: Gui vs Quim
B59: 5 | C59: =B59/$D$52 -> 0.26315789 | F59: Campos | L59: 45768 | M59: 45740 | S59: 45754 | T59: Gui vs Quim | X59: Presenças
B60: 6 | C60: =B60/$D$52 -> 0.31578947 | F60: Renato | K60: 45768 | S60: 45761 | T60: Mãos+Campos vs Resto | X60: Top10 | Y60: Nome | Z60: Jogos | AA60: Restantes | AB60: Nome | AC60: Jogos
B61: 7 | C61: =B61/$D$52 -> 0.36842105 | F61: Alex | K61: 45740 | S61: 45768 | T61: Campos vs Renato | X61: 1 | Y61: Quim | Z61: =+VLOOKUP(Y61,$C$2:$D$50,2,0) -> 19 | AA61: 11 | AB61: Rosa | AC61: =+VLOOKUP(AB61,$C$2:$D$50,2,0) -> 6
B62: 8 | C62: =B62/$D$52 -> 0.42105263 | F62: Rodri | S62: 45776 | T62: Mãos + Insua vs Resto | X62: 2 | Y62: Capela | Z62: =+VLOOKUP(Y62,$C$2:$D$50,2,0) -> 18 | AA62: 11 | AB62: Souto | AC62: =+VLOOKUP(AB62,$C$2:$D$50,2,0) -> 6
B63: 9 | C63: =B63/$D$52 -> 0.47368421 | F63: Rosa | G63: 45782 | S63: 45782 | T63: Capela vs Rosa | X63: 3 | Y63: Renato | Z63: =+VLOOKUP(Y63,$C$2:$D$50,2,0) -> 12 | AA63: 13 | AB63: Fonte | AC63: =+VLOOKUP(AB63,$C$2:$D$50,2,0) -> 4
B64: 10 | C64: =B64/$D$52 -> 0.52631579 | F64: Rui Vaz | S64: 45789 | T64: Capela vs Vieira | X64: 3 | Y64: Vieira | Z64: =+VLOOKUP(Y64,$C$2:$D$50,2,0) -> 12 | AA64: 13 | AB64: Rodrigo | AC64: =+VLOOKUP(AB64,$C$2:$D$50,2,0) -> 4
B65: 11 | C65: =B65/$D$52 -> 0.57894737 | F65: Simão | S65: 45796 | T65: Capela vs Vieira | X65: 5 | Y65: Gui Moura | Z65: =+VLOOKUP(Y65,$C$2:$D$50,2,0) -> 11 | AA65: 13 | AB65: Órfão | AC65: =+VLOOKUP(AB65,$C$2:$D$50,2,0) -> 4
B66: 12 | C66: =B66/$D$52 -> 0.63157895 | G66: 9 | H66: 8 | I66: 4 | J66: 3 | K66: =COUNTA(K55:K65) -> 2 | L66: =COUNTA(L55:L65) -> 1 | M66: =COUNTA(M55:M65) -> 1 | N66: =COUNTA(N55:N65) -> 0 | O66: =COUNTA(O55:O65) -> 1 | P66: =COUNTA(P55:P65) -> 0 | Q66: =COUNTA(Q55:Q65) -> 0 | S66: 45803 | T66: Quim vs Gui | X66: 6 | Y66: Alex | Z66: =+VLOOKUP(Y66,$C$2:$D$50,2,0) -> 9 | AA66: 13 | AB66: Edu | AC66: =+VLOOKUP(AB66,$C$2:$D$50,2,0) -> 4
B67: 13 | C67: =B67/$D$52 -> 0.68421053 | S67: 45813 | T67: Capela vs Quim | X67: 6 | Y67: Campos | Z67: =+VLOOKUP(Y67,$C$2:$D$50,2,0) -> 9 | AA67: 17 | AB67: Capela Jr | AC67: =+VLOOKUP(AB67,$C$2:$D$50,2,0) -> 3
B68: 14 | C68: =B68/$D$52 -> 0.73684211 | S68: 45819 | T68: Capela vs Quim | X68: 6 | Y68: Trator | Z68: =+VLOOKUP(Y68,$C$2:$D$50,2,0) -> 9 | AA68: 17 | AB68: Jonas | AC68: =+VLOOKUP(AB68,$C$2:$D$50,2,0) -> 3
B69: 15 | C69: =B69/$D$52 -> 0.78947368 | S69: 45824 | T69: Capela vs Quim | X69: 9 | Y69: Insua | Z69: =+VLOOKUP(Y69,$C$2:$D$50,2,0) -> 7 | AA69: 17 | AB69: Zé Miguel | AC69: =+VLOOKUP(AB69,$C$2:$D$50,2,0) -> 3
B70: 16 | C70: =B70/$D$52 -> 0.84210526 | S70: 45834 | T70: Capela vs Quim | X70: 9 | Y70: Simão | Z70: =+VLOOKUP(Y70,$C$2:$D$50,2,0) -> 7 | AA70: 17 | AB70: Trocado | AC70: =+VLOOKUP(AB70,$C$2:$D$50,2,0) -> 3
B71: 17 | C71: =B71/$D$52 -> 0.89473684 | S71: 45838 | T71: Capela vs Vieira | AA71: 17 | AB71: Jorginho | AC71: =+VLOOKUP(AB71,$C$2:$D$50,2,0) -> 3
B72: 18 | C72: =B72/$D$52 -> 0.94736842 | S72: 45845 | T72: Trator vs Órfão | AA72: 22 | AB72: Paulo | AC72: =+VLOOKUP(AB72,$C$2:$D$50,2,0) -> 2
B73: 19 | C73: =B73/$D$52 -> 1 | AA73: 22 | AB73: Dimas | AC73: =+VLOOKUP(AB73,$C$2:$D$50,2,0) -> 2
AA74: 22 | AB74: Lima | AC74: =+VLOOKUP(AB74,$C$2:$D$50,2,0) -> 2
AA75: 22 | AB75: Zé Li | AC75: =+VLOOKUP(AB75,$C$2:$D$50,2,0) -> 2
AA76: 22 | AB76: Cona Torta | AC76: =+VLOOKUP(AB76,$C$2:$D$50,2,0) -> 2
AA77: 22 | AB77: Gonças | AC77: =+VLOOKUP(AB77,$C$2:$D$50,2,0) -> 2
AA78: 22 | AB78: Miranda | AC78: =+VLOOKUP(AB78,$C$2:$D$50,2,0) -> 2
AA79: 29 | AB79: Leo | AC79: =+VLOOKUP(AB79,$C$2:$D$50,2,0) -> 1
AA80: 29 | AB80: Castro | AC80: =+VLOOKUP(AB80,$C$2:$D$50,2,0) -> 1
AA81: 29 | AB81: Dipi | AC81: =+VLOOKUP(AB81,$C$2:$D$50,2,0) -> 1
AA82: 29 | AB82: Pirussas | AC82: =+VLOOKUP(AB82,$C$2:$D$50,2,0) -> 1
AA83: 29 | AB83: Rui Vaz | AC83: =+VLOOKUP(AB83,$C$2:$D$50,2,0) -> 1
AA84: 29 | AB84: Gonçalo | AC84: =+VLOOKUP(AB84,$C$2:$D$50,2,0) -> 1
AA85: 29 | AB85: Tigas | AC85: =+VLOOKUP(AB85,$C$2:$D$50,2,0) -> 1
... AA98: 29 | AB98: Xavi | AC98: =+VLOOKUP(AB98,$C$2:$D$50,2,0) -> 1

Sheet UCL WS 2ed
A1: Retorta League SS 2ed (08/09/2025 a 19/01/2026)
A2: Ranking | B2: Jogadores | C2: Alcunha | D2: Jogos | E2: Vitórias | F2: Derrotas | G2: Win Rate | H2: Fator | I2: Média base | J2: Média ponderada | L2: 45908 | M2: =+L2+7 -> 45915 | N2: =+M2+7 -> 45922 | O2: =+N2+7 -> 45929 | P2: =+O2+7 -> 45936 | Q2: =+P2+7 -> 45943 | R2: 45951 | S2: =+R2+7 -> 45958 | T2: =+S2+7 -> 45965 | U2: =+T2+7 -> 45972 | V2: 45978 | W2: 45986 | X2: =+W2+7 -> 45993 | Y2: =+X2+7 -> 46000 | Z2: =+Y2+7 -> 46007 | AA2: =+Z2+14 -> 46021 | AB2: =+AA2+7 -> 46028 | AC2: =+AB2+7 -> 46035 | AD2: =+AC2+7 -> 46042
A3: 1 | B3: Joaquim Torrão | C3: Quim | D3: =+COUNTA(L3:AD3) -> 18 | E3: =+COUNTIF(L3:AD3,"W") -> 12 | F3: =+COUNTIF(L3:AD3,"L") -> 6 | G3: =E3/D3 -> 0.66666667 | H3: =VLOOKUP(D3,$B$42:$C$60,2,FALSE) -> 0.94736842 | I3: =+E3/D3 -> 0.66666667 | J3: =I3*H3 -> 0.63157895 | L3: L | N3: L | O3: W | P3: W | Q3: L | R3: W | S3: W | T3: W | U3: W | V3: L | W3: L | X3: W | Y3: W | Z3: W | AA3: W | AB3: W | AC3: L | AD3: W
A4: 2 | B4: João Capela | C4: Capela | D4: =+COUNTA(L4:AD4) -> 18 | E4: =+COUNTIF(L4:AD4,"W") -> 10 | F4: =+COUNTIF(L4:AD4,"L") -> 8 | G4: =E4/D4 -> 0.55555556 | H4: =VLOOKUP(D4,$B$42:$C$60,2,FALSE) -> 0.94736842 | I4: =+E4/D4 -> 0.55555556 | J4: =I4*H4 -> 0.52631579 | L4: W | M4: L | N4: W | O4: W | P4: W | Q4: L | R4: W | S4: L | T4: L | U4: W | V4: L | W4: W | Y4: W | Z4: L | AA4: L | AB4: L | AC4: W | AD4: W
A5: 3 | B5: Raul Trocado | C5: Trocado | D5: =+COUNTA(L5:AD5) -> 12 | E5: =+COUNTIF(L5:AD5,"W") -> 9 | F5: =+COUNTIF(L5:AD5,"L") -> 3 | G5: =E5/D5 -> 0.75 | H5: =VLOOKUP(D5,$B$42:$C$60,2,FALSE) -> 0.63157895 | I5: =+E5/D5 -> 0.75 | J5: =I5*H5 -> 0.47368421 | R5: L | S5: L | T5: W | U5: W | V5: W | X5: W | Y5: L | Z5: W | AA5: W | AB5: W | AC5: W | AD5: W
A6: 4 | B6: Francisco Campos | C6: Campos | D6: =+COUNTA(L6:AD6) -> 14 | E6: =+COUNTIF(L6:AD6,"W") -> 8 | F6: =+COUNTIF(L6:AD6,"L") -> 6 | G6: =E6/D6 -> 0.57142857 | H6: =VLOOKUP(D6,$B$42:$C$60,2,FALSE) -> 0.73684211 | I6: =+E6/D6 -> 0.57142857 | J6: =I6*H6 -> 0.42105263 | L6: L | M6: W | S6: L | T6: W | U6: W | V6: L | W6: W | X6: W | Y6: L | Z6: W | AA6: W | AB6: L | AC6: W | AD6: L
A7: 5 | B7: Guilherme Moura | C7: Gui Moura | D7: =+COUNTA(L7:AD7) -> 14 | E7: =+COUNTIF(L7:AD7,"W") -> 6 | F7: =+COUNTIF(L7:AD7,"L") -> 8 | G7: =E7/D7 -> 0.42857143 | H7: =VLOOKUP(D7,$B$42:$C$60,2,FALSE) -> 0.73684211 | I7: =+E7/D7 -> 0.42857143 | J7: =I7*H7 -> 0.31578947 | M7: W | O7: L | P7: W | Q7: W | R7: L | U7: L | V7: W | W7: W | Y7: W | Z7: L | AA7: L | AB7: L | AC7: L | AD7: L
A8: 6 | B8: Eduardo Maia | C8: Edu | D8: =+COUNTA(L8:AD8) -> 17 | E8: =+COUNTIF(L8:AD8,"W") -> 6 | F8: =+COUNTIF(L8:AD8,"L") -> 11 | G8: =E8/D8 -> 0.35294118 | H8: =VLOOKUP(D8,$B$42:$C$60,2,FALSE) -> 0.89473684 | I8: =+E8/D8 -> 0.35294118 | J8: =I8*H8 -> 0.31578947 | L8: W | M8: W | O8: L | P8: L | Q8: L | R8: W | S8: L | T8: L | U8: L | V8: L | W8: L | X8: L | Y8: W | Z8: L | AB8: W | AC8: W | AD8: L
A9: 7 | B9: Diogo Canito | C9: Canito | D9: =+COUNTA(L9:AD9) -> 5 | E9: =+COUNTIF(L9:AD9,"W") -> 5 | F9: =+COUNTIF(L9:AD9,"L") -> 0 | G9: =E9/D9 -> 1 | H9: =VLOOKUP(D9,$B$42:$C$60,2,FALSE) -> 0.26315789 | I9: =+E9/D9 -> 1 | J9: =I9*H9 -> 0.26315789 | N9: W | O9: W | P9: W | S9: W | X9: W
A10: 8 | B10: Renato Pereira | C10: Renato | D10: =+COUNTA(L10:AD10) -> 12 | E10: =+COUNTIF(L10:AD10,"W") -> 5 | F10: =+COUNTIF(L10:AD10,"L") -> 7 | G10: =E10/D10 -> 0.41666667 | H10: =VLOOKUP(D10,$B$42:$C$60,2,FALSE) -> 0.63157895 | I10: =+E10/D10 -> 0.41666667 | J10: =I10*H10 -> 0.26315789 | M10: W | R10: L | U10: L | V10: W | W10: W | X10: L | Y10: W | Z10: L | AA10: W | AB10: L | AC10: L | AD10: L
A11: 9 | B11: Leandro Terroso | C11: Zé Li | D11: =+COUNTA(L11:AD11) -> 5 | E11: =+COUNTIF(L11:AD11,"W") -> 4 | F11: =+COUNTIF(L11:AD11,"L") -> 1 | G11: =E11/D11 -> 0.8 | H11: =VLOOKUP(D11,$B$42:$C$60,2,FALSE) -> 0.26315789 | I11: =+E11/D11 -> 0.8 | J11: =I11*H11 -> 0.21052632 | O11: W | P11: W | S11: W | Z11: W | AA11: L
A12: 10 | B12: Pedro Vieira | C12: Vieira | D12: =+COUNTA(L12:AD12) -> 7 | E12: =+COUNTIF(L12:AD12,"W") -> 4 | F12: =+COUNTIF(L12:AD12,"L") -> 3 | G12: =E12/D12 -> 0.57142857 | H12: =VLOOKUP(D12,$B$42:$C$60,2,FALSE) -> 0.36842105 | I12: =+E12/D12 -> 0.57142857 | J12: =I12*H12 -> 0.21052632 | L12: W | P12: L | R12: L | W12: L | AB12: W | AC12: W | AD12: W
A13: 11 | B13: José Miguel Ferreira | C13: Zé Miguel | D13: =+COUNTA(L13:AD13) -> 11 | E13: =+COUNTIF(L13:AD13,"W") -> 4 | F13: =+COUNTIF(L13:AD13,"L") -> 7 | G13: =E13/D13 -> 0.36363636 | H13: =VLOOKUP(D13,$B$42:$C$60,2,FALSE) -> 0.57894737 | I13: =+E13/D13 -> 0.36363636 | J13: =I13*H13 -> 0.21052632 | M13: L | O13: W | P13: L | Q13: W | S13: L | U13: L | V13: W | W13: L | X13: L | Z13: W | AC13: L
A14: 12 | B14: Gonçalo Silva | C14: Anke | D14: =+COUNTA(L14:AD14) -> 4 | E14: =+COUNTIF(L14:AD14,"W") -> 3 | F14: =+COUNTIF(L14:AD14,"L") -> 1 | G14: =E14/D14 -> 0.75 | H14: =VLOOKUP(D14,$B$42:$C$60,2,FALSE) -> 0.21052632 | I14: =+E14/D14 -> 0.75 | J14: =I14*H14 -> 0.15789474 | S14: W | T14: W | X14: W | Y14: L
A15: 13 | B15: Rui Vaz | C15: Rui Vaz | D15: =+COUNTA(L15:AD15) -> 3 | E15: =+COUNTIF(L15:AD15,"W") -> 2 | F15: =+COUNTIF(L15:AD15,"L") -> 1 | G15: =E15/D15 -> 0.66666667 | H15: =VLOOKUP(D15,$B$42:$C$60,2,FALSE) -> 0.15789474 | I15: =+E15/D15 -> 0.66666667 | J15: =I15*H15 -> 0.10526316 | R15: L | S15: W | T15: W
A16: 14 | B16: João Alex Silva | C16: Alex | D16: =+COUNTA(L16:AD16) -> 4 | E16: =+COUNTIF(L16:AD16,"W") -> 2 | F16: =+COUNTIF(L16:AD16,"L") -> 2 | G16: =E16/D16 -> 0.5 | H16: =VLOOKUP(D16,$B$42:$C$60,2,FALSE) -> 0.21052632 | I16: =+E16/D16 -> 0.5 | J16: =I16*H16 -> 0.10526316 | M16: W | Q16: L | V16: W | W16: L
A17: 15 | B17: Rodrigo Silva | C17: Rodrigo | D17: =+COUNTA(L17:AD17) -> 5 | E17: =+COUNTIF(L17:AD17,"W") -> 2 | F17: =+COUNTIF(L17:AD17,"L") -> 3 | G17: =E17/D17 -> 0.4 | H17: =VLOOKUP(D17,$B$42:$C$60,2,FALSE) -> 0.26315789 | I17: =+E17/D17 -> 0.4 | J17: =I17*H17 -> 0.10526316 | M17: L | Q17: W | V17: L | W17: W | AD17: L
A18: 16 | B18: Ricardo Campos | C18: Ricardo Campos | D18: =+COUNTA(L18:AD18) -> 1 | E18: =+COUNTIF(L18:AD18,"W") -> 1 | F18: =+COUNTIF(L18:AD18,"L") -> 0 | G18: =E18/D18 -> 1 | H18: =VLOOKUP(D18,$B$42:$C$60,2,FALSE) -> 0.052631579 | I18: =+E18/D18 -> 1 | J18: =I18*H18 -> 0.052631579 | L18: W
A19: 16 | B19: Tiago Capela | C19: Capela Jr | D19: =+COUNTA(L19:AD19) -> 1 | E19: =+COUNTIF(L19:AD19,"W") -> 1 | F19: =+COUNTIF(L19:AD19,"L") -> 0 | G19: =E19/D19 -> 1 | H19: =VLOOKUP(D19,$B$42:$C$60,2,FALSE) -> 0.052631579 | I19: =+E19/D19 -> 1 | J19: =I19*H19 -> 0.052631579 | N19: W
A20: 16 | B20: Carlos Sousa | C20: Carlinhos | D20: =+COUNTA(L20:AD20) -> 1 | E20: =+COUNTIF(L20:AD20,"W") -> 1 | F20: =+COUNTIF(L20:AD20,"L") -> 0 | G20: =E20/D20 -> 1 | H20: =VLOOKUP(D20,$B$42:$C$60,2,FALSE) -> 0.052631579 | I20: =+E20/D20 -> 1 | J20: =I20*H20 -> 0.052631579 | N20: W
A21: 16 | B21: Rodrigo Lima | C21: Rodri Lima | D21: =+COUNTA(L21:AD21) -> 1 | E21: =+COUNTIF(L21:AD21,"W") -> 1 | F21: =+COUNTIF(L21:AD21,"L") -> 0 | G21: =E21/D21 -> 1 | H21: =VLOOKUP(D21,$B$42:$C$60,2,FALSE) -> 0.052631579 | I21: =+E21/D21 -> 1 | J21: =I21*H21 -> 0.052631579 | N21: W
A22: 16 | B22: Rui Dimas | C22: Dimas | D22: =+COUNTA(L22:AD22) -> 1 | E22: =+COUNTIF(L22:AD22,"W") -> 1 | F22: =+COUNTIF(L22:AD22,"L") -> 0 | G22: =E22/D22 -> 1 | H22: =VLOOKUP(D22,$B$42:$C$60,2,FALSE) -> 0.052631579 | I22: =+E22/D22 -> 1 | J22: =I22*H22 -> 0.052631579 | Q22: W
A23: 16 | B23: Simão Mendes | C23: Simão | D23: =+COUNTA(L23:AD23) -> 1 | E23: =+COUNTIF(L23:AD23,"W") -> 1 | F23: =+COUNTIF(L23:AD23,"L") -> 0 | G23: =E23/D23 -> 1 | H23: =VLOOKUP(D23,$B$42:$C$60,2,FALSE) -> 0.052631579 | I23: =+E23/D23 -> 1 | J23: =I23*H23 -> 0.052631579 | AB23: W
A24: 22 | B24: Diogo Azevedo | C24: Dipi | D24: =+COUNTA(L24:AD24) -> 2 | E24: =+COUNTIF(L24:AD24,"W") -> 1 | F24: =+COUNTIF(L24:AD24,"L") -> 1 | G24: =E24/D24 -> 0.5 | H24: =VLOOKUP(D24,$B$42:$C$60,2,FALSE) -> 0.10526316 | I24: =+E24/D24 -> 0.5 | J24: =I24*H24 -> 0.052631579 | L24: W | M24: L
A25: 22 | B25: Bruno Cunha | C25: Bruno Cunha | D25: =+COUNTA(L25:AD25) -> 2 | E25: =+COUNTIF(L25:AD25,"W") -> 1 | F25: =+COUNTIF(L25:AD25,"L") -> 1 | G25: =E25/D25 -> 0.5 | H25: =VLOOKUP(D25,$B$42:$C$60,2,FALSE) -> 0.10526316 | I25: =+E25/D25 -> 0.5 | J25: =I25*H25 -> 0.052631579 | O25: L | AD25: W
A26: 24 | B26: Diogo Castro | C26: Castro | D26: =+COUNTA(L26:AD26) -> 3 | E26: =+COUNTIF(L26:AD26,"W") -> 1 | F26: =+COUNTIF(L26:AD26,"L") -> 2 | G26: =E26/D26 -> 0.33333333 | H26: =VLOOKUP(D26,$B$42:$C$60,2,FALSE) -> 0.15789474 | I26: =+E26/D26 -> 0.33333333 | J26: =I26*H26 -> 0.052631579 | R26: W | Y26: L | AA26: L
A27: 25 | B27: Tiago Filipe | C27: Tigas | D27: =+COUNTA(L27:AD27) -> 4 | E27: =+COUNTIF(L27:AD27,"W") -> 1 | F27: =+COUNTIF(L27:AD27,"L") -> 3 | G27: =E27/D27 -> 0.25 | H27: =VLOOKUP(D27,$B$42:$C$60,2,FALSE) -> 0.21052632 | I27: =+E27/D27 -> 0.25 | J27: =I27*H27 -> 0.052631579 | N27: L | O27: L | P27: L | Q27: W
A28: 25 | B28: Tiago Cabreira | C28: Cabreira | D28: =+COUNTA(L28:AD28) -> 4 | E28: =+COUNTIF(L28:AD28,"W") -> 1 | F28: =+COUNTIF(L28:AD28,"L") -> 3 | G28: =E28/D28 -> 0.25 | H28: =VLOOKUP(D28,$B$42:$C$60,2,FALSE) -> 0.21052632 | I28: =+E28/D28 -> 0.25 | J28: =I28*H28 -> 0.052631579 | T28: L | U28: W | X28: L | Z28: L
A29: 25 | B29: Diogo Souto | C29: Souto | D29: =+COUNTA(L29:AD29) -> 4 | E29: =+COUNTIF(L29:AD29,"W") -> 1 | F29: =+COUNTIF(L29:AD29,"L") -> 3 | G29: =E29/D29 -> 0.25 | H29: =VLOOKUP(D29,$B$42:$C$60,2,FALSE) -> 0.21052632 | I29: =+E29/D29 -> 0.25 | J29: =I29*H29 -> 0.052631579 | L29: L | N29: L | AA29: W | AC29: L
A30: 28 | B30: António Pinto | C30: Pinto | D30: =+COUNTA(L30:AD30) -> 5 | E30: =+COUNTIF(L30:AD30,"W") -> 1 | F30: =+COUNTIF(L30:AD30,"L") -> 4 | G30: =E30/D30 -> 0.2 | H30: =VLOOKUP(D30,$B$42:$C$60,2,FALSE) -> 0.26315789 | I30: =+E30/D30 -> 0.2 | J30: =I30*H30 -> 0.052631579 | O30: L | Q30: L | R30: W | T30: L | U30: L
A31: 29 | B31: Marco Miguel | C31: Marquinho | D31: =+COUNTA(L31:AD31) -> 1 | E31: =+COUNTIF(L31:AD31,"W") -> 0 | F31: =+COUNTIF(L31:AD31,"L") -> 1 | G31: =E31/D31 -> 0 | H31: =VLOOKUP(D31,$B$42:$C$60,2,FALSE) -> 0.052631579 | I31: =+E31/D31 -> 0 | J31: =I31*H31 -> 0 | Y31: L
A32: 29 | B32: Leonardo Domingos | C32: Leo | D32: =+COUNTA(L32:AD32) -> 1 | E32: =+COUNTIF(L32:AD32,"W") -> 0 | F32: =+COUNTIF(L32:AD32,"L") -> 1 | G32: =E32/D32 -> 0 | H32: =VLOOKUP(D32,$B$42:$C$60,2,FALSE) -> 0.052631579 | I32: =+E32/D32 -> 0 | J32: =I32*H32 -> 0 | L32: L
A33: 29 | B33: Ricardo Nunes | C33: Nunes | D33: =+COUNTA(L33:AD33) -> 1 | E33: =+COUNTIF(L33:AD33,"W") -> 0 | F33: =+COUNTIF(L33:AD33,"L") -> 1 | G33: =E33/D33 -> 0 | H33: =VLOOKUP(D33,$B$42:$C$60,2,FALSE) -> 0.052631579 | I33: =+E33/D33 -> 0 | J33: =I33*H33 -> 0 | AA33: L
A34: 29 | B34: Francisco Santos | C34: Xico Santos | D34: =+COUNTA(L34:AD34) -> 1 | E34: =+COUNTIF(L34:AD34,"W") -> 0 | F34: =+COUNTIF(L34:AD34,"L") -> 1 | G34: =E34/D34 -> 0 | H34: =VLOOKUP(D34,$B$42:$C$60,2,FALSE) -> 0.052631579 | I34: =+E34/D34 -> 0 | J34: =I34*H34 -> 0 | N34: L
A35: 29 | B35: Guilherme Macedo | C35: Macedo | D35: =+COUNTA(L35:AD35) -> 1 | E35: =+COUNTIF(L35:AD35,"W") -> 0 | F35: =+COUNTIF(L35:AD35,"L") -> 1 | G35: =E35/D35 -> 0 | H35: =VLOOKUP(D35,$B$42:$C$60,2,FALSE) -> 0.052631579 | I35: =+E35/D35 -> 0 | J35: =I35*H35 -> 0 | AB35: L
A36: 34 | B36: Pedro Gomes | C36: Jonas | D36: =+COUNTA(L36:AD36) -> 2 | E36: =+COUNTIF(L36:AD36,"W") -> 0 | F36: =+COUNTIF(L36:AD36,"L") -> 2 | G36: =E36/D36 -> 0 | H36: =VLOOKUP(D36,$B$42:$C$60,2,FALSE) -> 0.10526316 | I36: =+E36/D36 -> 0 | J36: =I36*H36 -> 0 | T36: L | X36: L
A37: 35 | B37: Diogo Duarte | C37: Insua | D37: =+COUNTA(L37:AD37) -> 4 | E37: =+COUNTIF(L37:AD37,"W") -> 0 | F37: =+COUNTIF(L37:AD37,"L") -> 4 | G37: =E37/D37 -> 0 | H37: =VLOOKUP(D37,$B$42:$C$60,2,FALSE) -> 0.21052632 | I37: =+E37/D37 -> 0 | J37: =I37*H37 -> 0 | L37: L | M37: L | N37: L | P37: L
D38: =SUM(D3:D37) -> 190 | E38: =SUM(E3:E37) -> 95 | F38: =SUM(F3:F37) -> 95
B39: Numero de semanas | D39: =D38/10 -> 19
B41: Fator | G41: {=TRANSPOSE(F42:F49)} -> Capela | H41: Quim | I41: Vieira | J41: Campos | K41: Gui Moura | L41: Alex | M41: Renato | N41: Edu | Q41: 0.8-1.0 | S41: 45908 | T41: Vieira x Campos | X41: Maior streak de vitórias | AA41: Canito, Quim e Raul | AC41: 5
B42: 1 | C42: =B42/$D$39 -> 0.052631579 | F42: Capela | H42: 45936 | I42: 45992 | J42: 46020 | L42: 45915 | N42: 45964 | Q42: 0.6-0.8 | S42: =+S41+7 -> 45915 | T42: Capela x Alex | X42: Streak de vitórias atual | AA42: Canito e Raul | AC42: 5
B43: 2 | C43: =B43/$D$39 -> 0.10526316 | F43: Quim | G43: 45936 | I43: 45662 | J43: 45950 | K43: 45922 | M43: 45985 | Q43: 0.4-0.6 | S43: =+S42+7 -> 45922 | T43: Gui Moura x Quim | X43: Maior streak de derrotas | AA43: Edu | AC43: 6
B44: 3 | C44: =B44/$D$39 -> 0.15789474 | F44: Vieira | G44: 45992 | H44: 45662 | J44: 45908 | K44: 46006 | N44: 46336 | Q44: 0.2-0.4 | S44: =+S43+7 -> 45929 | T44: Renato x Edu | X44: Streak de derrotas atual | AA44: Gui Moura | AC44: 5
B45: 4 | C45: =B45/$D$39 -> 0.21052632 | F45: Campos | G45: 46020 | H45: 45950 | I45: 45908 | K45: 45978 | N45: 45669 | Q45: 0.0-0.2 | S45: 45937 | T45: Quim x Capela
B46: 5 | C46: =B46/$D$39 -> 0.26315789 | F46: Gui Moura | H46: 45922 | I46: 46006 | J46: 45978 | L46: 45943 | N46: 45676 | S46: =+S45+7 -> 45944 | T46: Alex x Gui Moura | X46: Presenças
B47: 6 | C47: =B47/$D$39 -> 0.31578947 | F47: Alex | G47: 45915 | K47: 45943 | M47: 45957 | N47: 45999 | S47: =+S46+7 -> 45951 | T47: Campos x Quim | X47: Top10 | Y47: Nome | Z47: Jogos | AA47: Restantes | AB47: Nome | AC47: Jogos
B48: 7 | C48: =B48/$D$39 -> 0.36842105 | F48: Renato | H48: 45985 | L48: 45957 | N48: 45929 | S48: =+S47+7 -> 45958 | T48: Alex x Renato | X48: 1 | Y48: Capela | Z48: =+_xlfn.XLOOKUP(Y48,$C$3:$C$37,$D$3:$D$37,0,0) -> 18 | AA48: 14 | AB48: Tigas | AC48: =+_xlfn.XLOOKUP(AB48,$C$3:$C$37,$D$3:$D$37,0,0) -> 4
B49: 8 | C49: =B49/$D$39 -> 0.42105263 | F49: Edu | G49: 45964 | I49: 46336 | J49: 45669 | K49: 45676 | L49: 45999 | M49: 45929 | S49: =+S48+7 -> 45965 | T49: Edu x Capela | X49: 1 | Y49: Quim | Z49: =+_xlfn.XLOOKUP(Y49,$C$3:$C$37,$D$3:$D$37,0,0) -> 18 | AA49: 14 | AB49: Insua | AC49: =+_xlfn.XLOOKUP(AB49,$C$3:$C$37,$D$3:$D$37,0,0) -> 4
B50: 9 | C50: =B50/$D$39 -> 0.47368421 | G50: =COUNTA(G42:G49) -> 5 | H50: =COUNTA(H42:H49) -> 5 | I50: =COUNTA(I42:I49) -> 5 | J50: =COUNTA(J42:J49) -> 5 | K50: =COUNTA(K42:K49) -> 5 | L50: =COUNTA(L42:L49) -> 4 | M50: =COUNTA(M42:M49) -> 3 | N50: =COUNTA(N42:N49) -> 6 | S50: =+S49+7 -> 45972 | T50: Renato x Quim | X50: 3 | Y50: Edu | Z50: =+_xlfn.XLOOKUP(Y50,$C$3:$C$37,$D$3:$D$37,0,0) -> 17 | AA50: 14 | AB50: Alex | AC50: =+_xlfn.XLOOKUP(AB50,$C$3:$C$37,$D$3:$D$37,0,0) -> 4
B51: 10 | C51: =B51/$D$39 -> 0.52631579 | S51: =+S50+7 -> 45979 | T51: Gui Moura x Campos | X51: 4 | Y51: Gui Moura | Z51: =+_xlfn.XLOOKUP(Y51,$C$3:$C$37,$D$3:$D$37,0,0) -> 14 | AA51: 14 | AB51: Anke | AC51: =+_xlfn.XLOOKUP(AB51,$C$3:$C$37,$D$3:$D$37,0,0) -> 4
B52: 11 | C52: =B52/$D$39 -> 0.57894737 | S52: =+S51+7 -> 45986 | T52: Quim x Renato | X52: 4 | Y52: Campos | Z52: =+_xlfn.XLOOKUP(Y52,$C$3:$C$37,$D$3:$D$37,0,0) -> 14 | AA52: 14 | AB52: Cabreira | AC52: =+_xlfn.XLOOKUP(AB52,$C$3:$C$37,$D$3:$D$37,0,0) -> 4
B53: 12 | C53: =B53/$D$39 -> 0.63157895 | G53: Capela | H53: Quim | I53: Vieira | J53: Campos | K53: Gui Moura | L53: Alex | M53: Renato | N53: Edu | S53: =+S52+7 -> 45993 | T53: Capela x Vieira | X53: 6 | Y53: Trocado | Z53: =+_xlfn.XLOOKUP(Y53,$C$3:$C$37,$D$3:$D$37,0,0) -> 12 | AA53: 14 | AB53: Souto | AC53: =+_xlfn.XLOOKUP(AB53,$C$3:$C$37,$D$3:$D$37,0,0) -> 4
B54: 13 | C54: =B54/$D$39 -> 0.68421053 | F54: WR a C | G54: =3/5 -> 0.6 | H54: =4/5 -> 0.8 | I54: =3/4 -> 0.75 | J54: =3/5 -> 0.6 | K54: =2/5 -> 0.4 | L54: =1/2 -> 0.5 | M54: =0/3 -> 0 | N54: =1/5 -> 0.2 | S54: =+S53+7 -> 46000 | T54: Alex x Edu | X54: 6 | Y54: Renato | Z54: =+_xlfn.XLOOKUP(Y54,$C$3:$C$37,$D$3:$D$37,0,0) -> 12 | AA54: 20 | AB54: Rui Vaz | AC54: =+_xlfn.XLOOKUP(AB54,$C$3:$C$37,$D$3:$D$37,0,0) -> 3
B55: 14 | C55: =B55/$D$39 -> 0.73684211 | S55: =+S54+7 -> 46007 | T55: Gui Moura x Vieira | X55: 8 | Y55: Zé Miguel | Z55: =+_xlfn.XLOOKUP(Y55,$C$3:$C$37,$D$3:$D$37,0,0) -> 11 | AA55: 20 | AB55: Castro | AC55: =+_xlfn.XLOOKUP(AB55,$C$3:$C$37,$D$3:$D$37,0,0) -> 3
B56: 15 | C56: =B56/$D$39 -> 0.78947368 | F56: Faltam | G56: 0 | H56: 0 | I56: 1 | J56: 0 | K56: 0 | L56: 0 | M56: 0 | N56: 1 | S56: =+S55+14 -> 46021 | T56: Campos x Capela | X56: 9 | Y56: Vieira | Z56: =+_xlfn.XLOOKUP(Y56,$C$3:$C$37,$D$3:$D$37,0,0) -> 7 | AA56: 22 | AB56: Jonas | AC56: =+_xlfn.XLOOKUP(AB56,$C$3:$C$37,$D$3:$D$37,0,0) -> 2
B57: 16 | C57: =B57/$D$39 -> 0.84210526 | S57: =+S56+7 -> 46028 | T57: Vieira x Edu | X57: 10 | Y57: Canito | Z57: =+_xlfn.XLOOKUP(Y57,$C$3:$C$37,$D$3:$D$37,0,0) -> 5 | AA57: 22 | AB57: Dipi | AC57: =+_xlfn.XLOOKUP(AB57,$C$3:$C$37,$D$3:$D$37,0,0) -> 2
B58: 17 | C58: =B58/$D$39 -> 0.89473684 | S58: =+S57+7 -> 46035 | T58: Campos x Edu | X58: 10 | Y58: Zé Li | Z58: =+_xlfn.XLOOKUP(Y58,$C$3:$C$37,$D$3:$D$37,0,0) -> 5 | AA58: 22 | AB58: Bruno Cunha | AC58: =+_xlfn.XLOOKUP(AB58,$C$3:$C$37,$D$3:$D$37,0,0) -> 2
B59: 18 | C59: =B59/$D$39 -> 0.94736842 | S59: =+S58+7 -> 46042 | T59: Edu x Gui Moura | X59: 10 | Y59: Pinto | Z59: =+_xlfn.XLOOKUP(Y59,$C$3:$C$37,$D$3:$D$37,0,0) -> 5 | AA59: 25 | AB59: Nunes | AC59: =+_xlfn.XLOOKUP(AB59,$C$3:$C$37,$D$3:$D$37,0,0) -> 1
B60: 19 | C60: =B60/$D$39 -> 1 | X60: 10 | Y60: Rodrigo | Z60: =+_xlfn.XLOOKUP(Y60,$C$3:$C$37,$D$3:$D$37,0,0) -> 5 | AA60: 25 | AB60: Leo | AC60: =+_xlfn.XLOOKUP(AB60,$C$3:$C$37,$D$3:$D$37,0,0) -> 1
AA61: 25 | AB61: Ricardo Campos | AC61: =+_xlfn.XLOOKUP(AB61,$C$3:$C$37,$D$3:$D$37,0,0) -> 1
AA62: 25 | AB62: Capela Jr | AC62: =+_xlfn.XLOOKUP(AB62,$C$3:$C$37,$D$3:$D$37,0,0) -> 1
AA63: 25 | AB63: Dimas | AC63: =+_xlfn.XLOOKUP(AB63,$C$3:$C$37,$D$3:$D$37,0,0) -> 1
AA64: 25 | AB64: Rodri Lima | AC64: =+_xlfn.XLOOKUP(AB64,$C$3:$C$37,$D$3:$D$37,0,0) -> 1
AA65: 25 | AB65: Xico Santos | AC65: =+_xlfn.XLOOKUP(AB65,$C$3:$C$37,$D$3:$D$37,0,0) -> 1
AA66: 25 | AB66: Carlinhos | AC66: =+_xlfn.XLOOKUP(AB66,$C$3:$C$37,$D$3:$D$37,0,0) -> 1
AA67: 25 | AB67: Marquinho | AC67: =+_xlfn.XLOOKUP(AB67,$C$3:$C$37,$D$3:$D$37,0,0) -> 1
AA68: 25 | AB68: Simão | AC68: =+_xlfn.XLOOKUP(AB68,$C$3:$C$37,$D$3:$D$37,0,0) -> 1
AA69: 25 | AB69: Macedo | AC69: =+_xlfn.XLOOKUP(AB69,$C$3:$C$37,$D$3:$D$37,0,0) -> 1

Sheet UCL SS 3ed
A1: Retorta League SS 3ed (10/03/2026 a 14/07/2026)
A2: Ranking | B2: Jogadores | C2: Alcunha | D2: Jogos | E2: Vitórias | F2: Derrotas | G2: Win Rate | H2: Fator | I2: Média base | J2: Média ponderada | L2: 46091 | M2: =+L2+7 -> 46098 | N2: =+M2+7 -> 46105 | O2: =+N2+7 -> 46112 | P2: =+O2+7 -> 46119 | Q2: =+P2+7 -> 46126 | R2: =+Q2+7 -> 46133 | S2: =+R2+7 -> 46140 | T2: =+S2+7 -> 46147 | ... AD2: =+AC2+7 -> 46217
A3: 1 | B3: Francisco Campos | C3: Campos | D3: =+COUNTA(L3:AD3) -> 8 | E3: =+COUNTIF(L3:AD3,"W") -> 7 | F3: =+COUNTIF(L3:AD3,"L") -> 1 | G3: =E3/D3 -> 0.875 | H3: =VLOOKUP(D3,$B$29:$C$47,2,FALSE) -> 0.66666667 | I3: =+E3/D3 -> 0.875 | J3: =I3*H3 -> 0.58333333 | O3: W | P3: W | Q3: W | R3: W | S3: L | T3: W | U3: W | W3: W
A4: 2 | B4: Rodrigo Silva | C4: Rodrigo | D4: =+COUNTA(L4:AD4) -> 10 | E4: =+COUNTIF(L4:AD4,"W") -> 7 | F4: =+COUNTIF(L4:AD4,"L") -> 3 | G4: =E4/D4 -> 0.7 | H4: =VLOOKUP(D4,$B$29:$C$47,2,FALSE) -> 0.83333333 | I4: =+E4/D4 -> 0.7 | J4: =I4*H4 -> 0.58333333 | L4: L | M4: L | N4: W | O4: L | P4: W | Q4: W | R4: W | S4: W | T4: W | W4: W
A5: 3 | B5: João Capela | C5: Capela | D5: =+COUNTA(L5:AD5) -> 11 | E5: =+COUNTIF(L5:AD5,"W") -> 7 | F5: =+COUNTIF(L5:AD5,"L") -> 4 | G5: =E5/D5 -> 0.63636364 | H5: =VLOOKUP(D5,$B$29:$C$47,2,FALSE) -> 0.91666667 | I5: =+E5/D5 -> 0.63636364 | J5: =I5*H5 -> 0.58333333 | L5: W | M5: W | N5: L | O5: W | P5: W | Q5: L | R5: W | T5: L | U5: W | V5: W | W5: L
A6: 4 | B6: Raul Trocado | C6: Trocado | D6: =+COUNTA(L6:AD6) -> 11 | E6: =+COUNTIF(L6:AD6,"W") -> 6 | F6: =+COUNTIF(L6:AD6,"L") -> 5 | G6: =E6/D6 -> 0.54545455 | H6: =VLOOKUP(D6,$B$29:$C$47,2,FALSE) -> 0.91666667 | I6: =+E6/D6 -> 0.54545455 | J6: =I6*H6 -> 0.5 | M6: W | N6: L | O6: W | P6: L | Q6: L | R6: W | S6: W | T6: L | U6: W | V6: W | W6: L
A7: 5 | B7: João Santos | C7: Jorginho | D7: =+COUNTA(L7:AD7) -> 7 | E7: =+COUNTIF(L7:AD7,"W") -> 5 | F7: =+COUNTIF(L7:AD7,"L") -> 2 | G7: =E7/D7 -> 0.71428571 | H7: =VLOOKUP(D7,$B$29:$C$47,2,FALSE) -> 0.58333333 | I7: =+E7/D7 -> 0.71428571 | J7: =I7*H7 -> 0.41666667 | L7: W | Q7: W | R7: W | S7: W | U7: L | V7: W | W7: L
A8: 6 | B8: José Miguel Ferreira | C8: Zé Miguel | D8: =+COUNTA(L8:AD8) -> 9 | E8: =+COUNTIF(L8:AD8,"W") -> 5 | F8: =+COUNTIF(L8:AD8,"L") -> 4 | G8: =E8/D8 -> 0.55555556 | H8: =VLOOKUP(D8,$B$29:$C$47,2,FALSE) -> 0.75 | I8: =+E8/D8 -> 0.55555556 | J8: =I8*H8 -> 0.41666667 | N8: W | O8: W | Q8: L | R8: L | S8: L | T8: W | U8: W | V8: L | W8: W
A9: 7 | B9: Joaquim Torrão | C9: Quim | D9: =+COUNTA(L9:AD9) -> 10 | E9: =+COUNTIF(L9:AD9,"W") -> 4 | F9: =+COUNTIF(L9:AD9,"L") -> 6 | G9: =E9/D9 -> 0.4 | H9: =VLOOKUP(D9,$B$29:$C$47,2,FALSE) -> 0.83333333 | I9: =+E9/D9 -> 0.4 | J9: =I9*H9 -> 0.33333333 | L9: L | M9: W | N9: L | O9: L | P9: L | Q9: L | R9: L | S9: W | T9: W | W9: W
A10: 8 | B10: Renato Pereira | C10: Renato | D10: =+COUNTA(L10:AD10) -> 11 | E10: =+COUNTIF(L10:AD10,"W") -> 4 | F10: =+COUNTIF(L10:AD10,"L") -> 7 | G10: =E10/D10 -> 0.36363636 | H10: =VLOOKUP(D10,$B$29:$C$47,2,FALSE) -> 0.91666667 | I10: =+E10/D10 -> 0.36363636 | J10: =I10*H10 -> 0.33333333 | L10: W | M10: L | N10: W | O10: L | Q10: W | R10: L | S10: L | T10: L | U10: L | V10: W | W10: L
A11: 9 | B11: Pedro Vieira | C11: Vieira | D11: =+COUNTA(L11:AD11) -> 8 | E11: =+COUNTIF(L11:AD11,"W") -> 3 | F11: =+COUNTIF(L11:AD11,"L") -> 5 | G11: =E11/D11 -> 0.375 | H11: =VLOOKUP(D11,$B$29:$C$47,2,FALSE) -> 0.66666667 | I11: =+E11/D11 -> 0.375 | J11: =I11*H11 -> 0.25 | L11: W | M11: W | O11: L | P11: L | R11: L | S11: W | T11: L | V11: L
A12: 10 | B12: Guilherme Moura | C12: Gui Moura | D12: =+COUNTA(L12:AD12) -> 9 | E12: =+COUNTIF(L12:AD12,"W") -> 3 | F12: =+COUNTIF(L12:AD12,"L") -> 6 | G12: =E12/D12 -> 0.33333333 | H12: =VLOOKUP(D12,$B$29:$C$47,2,FALSE) -> 0.75 | I12: =+E12/D12 -> 0.33333333 | J12: =I12*H12 -> 0.25 | L12: L | M12: L | N12: W | O12: L | P12: L | Q12: W | R12: L | T12: W | U12: L
A13: 11 | B13: João Órfão | C13: Órfão | D13: =+COUNTA(L13:AD13) -> 4 | E13: =+COUNTIF(L13:AD13,"W") -> 2 | F13: =+COUNTIF(L13:AD13,"L") -> 2 | G13: =E13/D13 -> 0.5 | H13: =VLOOKUP(D13,$B$29:$C$47,2,FALSE) -> 0.33333333 | I13: =+E13/D13 -> 0.5 | J13: =I13*H13 -> 0.16666667 | S13: L | U13: W | V13: L | W13: W
A14: 12 | B14: Eduardo Maia | C14: Edu | D14: =+COUNTA(L14:AD14) -> 9 | E14: =+COUNTIF(L14:AD14,"W") -> 2 | F14: =+COUNTIF(L14:AD14,"L") -> 7 | G14: =E14/D14 -> 0.22222222 | H14: =VLOOKUP(D14,$B$29:$C$47,2,FALSE) -> 0.75 | I14: =+E14/D14 -> 0.22222222 | J14: =I14*H14 -> 0.16666667 | M14: L | O14: W | P14: W | Q14: L | S14: L | T14: L | U14: L | V14: L | W14: L
A15: 13 | B15: Diogo Castro | C15: Castro | D15: =+COUNTA(L15:AD15) -> 1 | E15: =+COUNTIF(L15:AD15,"W") -> 1 | F15: =+COUNTIF(L15:AD15,"L") -> 0 | G15: =E15/D15 -> 1 | H15: =VLOOKUP(D15,$B$29:$C$47,2,FALSE) -> 0.083333333 | I15: =+E15/D15 -> 1 | J15: =I15*H15 -> 0.083333333 | N15: W
A16: 13 | B16: Vítor Leite | C16: Vítor | D16: =+COUNTA(L16:AD16) -> 1 | E16: =+COUNTIF(L16:AD16,"W") -> 1 | F16: =+COUNTIF(L16:AD16,"L") -> 0 | G16: =E16/D16 -> 1 | H16: =VLOOKUP(D16,$B$29:$C$47,2,FALSE) -> 0.083333333 | I16: =+E16/D16 -> 1 | J16: =I16*H16 -> 0.083333333 | V16: W
A17: 15 | B17: Diogo Souto | C17: Souto | D17: =+COUNTA(L17:AD17) -> 2 | E17: =+COUNTIF(L17:AD17,"W") -> 1 | F17: =+COUNTIF(L17:AD17,"L") -> 1 | G17: =E17/D17 -> 0.5 | H17: =VLOOKUP(D17,$B$29:$C$47,2,FALSE) -> 0.16666667 | I17: =+E17/D17 -> 0.5 | J17: =I17*H17 -> 0.083333333 | L17: W | N17: L
A18: 15 | B18: João Silva | C18: Alex | D18: =+COUNTA(L18:AD18) -> 2 | E18: =+COUNTIF(L18:AD18,"W") -> 1 | F18: =+COUNTIF(L18:AD18,"L") -> 1 | G18: =E18/D18 -> 0.5 | H18: =VLOOKUP(D18,$B$29:$C$47,2,FALSE) -> 0.16666667 | I18: =+E18/D18 -> 0.5 | J18: =I18*H18 -> 0.083333333 | L18: L | M18: W
A19: 15 | B19: Gonçalo Silva | C19: Anke | D19: =+COUNTA(L19:AD19) -> 2 | E19: =+COUNTIF(L19:AD19,"W") -> 1 | F19: =+COUNTIF(L19:AD19,"L") -> 1 | G19: =E19/D19 -> 0.5 | H19: =VLOOKUP(D19,$B$29:$C$47,2,FALSE) -> 0.16666667 | I19: =+E19/D19 -> 0.5 | J19: =I19*H19 -> 0.083333333 | N19: L | P19: W
A20: 18 | B20: Martim Pereira | C20: Martim | D20: =+COUNTA(L20:AD20) -> 1 | E20: =+COUNTIF(L20:AD20,"W") -> 0 | F20: =+COUNTIF(L20:AD20,"L") -> 1 | G20: =E20/D20 -> 0 | H20: =VLOOKUP(D20,$B$29:$C$47,2,FALSE) -> 0.083333333 | I20: =+E20/D20 -> 0 | J20: =I20*H20 -> 0 | M20: L
A21: 18 | B21: Jorge Rajão | C21: Rajão | D21: =+COUNTA(L21:AD21) -> 1 | E21: =+COUNTIF(L21:AD21,"W") -> 0 | F21: =+COUNTIF(L21:AD21,"L") -> 1 | G21: =E21/D21 -> 0 | H21: =VLOOKUP(D21,$B$29:$C$47,2,FALSE) -> 0.083333333 | I21: =+E21/D21 -> 0 | J21: =I21*H21 -> 0 | P21: L
A22: 18 | B22: Dinis Pontes | C22: Trator | D22: =+COUNTA(L22:AD22) -> 1 | E22: =+COUNTIF(L22:AD22,"W") -> 0 | F22: =+COUNTIF(L22:AD22,"L") -> 1 | G22: =E22/D22 -> 0 | H22: =VLOOKUP(D22,$B$29:$C$47,2,FALSE) -> 0.083333333 | I22: =+E22/D22 -> 0 | J22: =I22*H22 -> 0 | U22: L
A23: 18 | B23: Diogo Duarte | C23: Insua | D23: =+COUNTA(L23:AD23) -> 1 | E23: =+COUNTIF(L23:AD23,"W") -> 0 | F23: =+COUNTIF(L23:AD23,"L") -> 1 | G23: =E23/D23 -> 0 | H23: =VLOOKUP(D23,$B$29:$C$47,2,FALSE) -> 0.083333333 | I23: =+E23/D23 -> 0 | J23: =I23*H23 -> 0 | V23: L
A24: 18 | B24: Leandro Terroso | C24: Zé Li | D24: =+COUNTA(L24:AD24) -> 1 | E24: =+COUNTIF(L24:AD24,"W") -> 0 | F24: =+COUNTIF(L24:AD24,"L") -> 1 | G24: =E24/D24 -> 0 | H24: =VLOOKUP(D24,$B$29:$C$47,2,FALSE) -> 0.083333333 | I24: =+E24/D24 -> 0 | J24: =I24*H24 -> 0 | L24: L
D25: =SUM(D3:D24) -> 120 | E25: =SUM(E3:E24) -> 60 | F25: =SUM(F3:F24) -> 60
B26: Numero de semanas | D26: =D25/10 -> 12
B28: Fator | G28: 0.8-1.0 | X28: Maior streak de vitórias | AA28: Rodri | AC28: 6
B29: 1 | C29: =B29/$D$26 -> 0.083333333 | G29: 0.6-0.8 | X29: Streak de vitórias atual | AA29: Rodri | AC29: 6
B30: 2 | C30: =B30/$D$26 -> 0.16666667 | G30: 0.4-0.6 | X30: Maior streak de derrotas | AA30: Edu | AC30: 6
B31: 3 | C31: =B31/$D$26 -> 0.25 | G31: 0.2-0.4 | X31: Streak de derrotas atual | AA31: Edu | AC31: 6
B32: 4 | C32: =B32/$D$26 -> 0.33333333 | G32: 0.0-0.2
B33: 5 | C33: =B33/$D$26 -> 0.41666667 | X33: Presenças
B34: 6 | C34: =B34/$D$26 -> 0.5 | X34: Top10 | Y34: Nome | Z34: Jogos | AA34: Restantes | AB34: Nome | AC34: Jogos
B35: 7 | C35: =B35/$D$26 -> 0.58333333 | X35: 1 | Y35: Capela | Z35: =+VLOOKUP(Y35,$C$2:$D$24,2,0) -> 11 | AA35: 11 | AB35: Jorginho | AC35: =+VLOOKUP(AB35,$C$2:$D$24,2,0) -> 7
B36: 8 | C36: =B36/$D$26 -> 0.66666667 | X36: 1 | Y36: Renato | Z36: =+VLOOKUP(Y36,$C$2:$D$24,2,0) -> 11 | AA36: 12 | AB36: Órfão | AC36: =+VLOOKUP(AB36,$C$2:$D$24,2,0) -> 4
B37: 9 | C37: =B37/$D$26 -> 0.75 | X37: 1 | Y37: Trocado | Z37: =+VLOOKUP(Y37,$C$2:$D$24,2,0) -> 11 | AA37: 13 | AB37: Souto | AC37: =+VLOOKUP(AB37,$C$2:$D$24,2,0) -> 2
B38: 10 | C38: =B38/$D$26 -> 0.83333333 | X38: 4 | Y38: Rodrigo | Z38: =+VLOOKUP(Y38,$C$2:$D$24,2,0) -> 10 | AA38: 13 | AB38: Alex | AC38: =+VLOOKUP(AB38,$C$2:$D$24,2,0) -> 2
B39: 11 | C39: =B39/$D$26 -> 0.91666667 | X39: 4 | Y39: Quim | Z39: =+VLOOKUP(Y39,$C$2:$D$24,2,0) -> 10 | AA39: 13 | AB39: Anke | AC39: =+VLOOKUP(AB39,$C$2:$D$24,2,0) -> 2
B40: 12 | C40: =B40/$D$26 -> 1 | X40: 6 | Y40: Gui Moura | Z40: =+VLOOKUP(Y40,$C$2:$D$24,2,0) -> 9 | AA40: 16 | AB40: Rajão | AC40: =+VLOOKUP(AB40,$C$2:$D$24,2,0) -> 1
B41: 13 | C41: =B41/$D$26 -> 1.0833333 | X41: 6 | Y41: Zé Miguel | Z41: =+VLOOKUP(Y41,$C$2:$D$24,2,0) -> 9 | AA41: 16 | AB41: Castro | AC41: =+VLOOKUP(AB41,$C$2:$D$24,2,0) -> 1
B42: 14 | C42: =B42/$D$26 -> 1.1666667 | X42: 6 | Y42: Edu | Z42: =+VLOOKUP(Y42,$C$2:$D$24,2,0) -> 9 | AA42: 16 | AB42: Martim | AC42: =+VLOOKUP(AB42,$C$2:$D$24,2,0) -> 1
B43: 15 | C43: =B43/$D$26 -> 1.25 | X43: 9 | Y43: Vieira | Z43: =+VLOOKUP(Y43,$C$2:$D$24,2,0) -> 8 | AA43: 16 | AB43: Zé Li | AC43: =+VLOOKUP(AB43,$C$2:$D$24,2,0) -> 1
B44: 16 | C44: =B44/$D$26 -> 1.3333333 | X44: 9 | Y44: Campos | Z44: =+VLOOKUP(Y44,$C$2:$D$24,2,0) -> 8 | AA44: 16 | AB44: Trator | AC44: =+VLOOKUP(AB44,$C$2:$D$24,2,0) -> 1
B45: 17 | C45: =B45/$D$26 -> 1.4166667 | AA45: 16 | AB45: Insua | AC45: =+VLOOKUP(AB45,$C$2:$D$24,2,0) -> 1
B46: 18 | C46: =B46/$D$26 -> 1.5 | AA46: 16 | AB46: Vítor | AC46: =+VLOOKUP(AB46,$C$2:$D$24,2,0) -> 1
B47: 19 | C47: =B47/$D$26 -> 1.5833333

Sheet All-Time
B2: Retorta League (desde 18/03/2024)
B3: Ranking por | E3: Summer Season (18/03 a 29/07) | I3: Winter Season (05/09 a 28/01) | M3: Summer Season 2ed (06/03 a 07/07) | Q3: Winter Season 2ed (08/09 a 19/01) | U3: Summer Season 3ed (10/03 a 14/07) | Y3: TOTAL
B4: Presenças | C4: Jogadores | D4: Alcunha | E4: Jogos | F4: Vitórias | G4: Derrotas | H4: Win Rate | I4: Jogos | J4: Vitórias | K4: Derrotas | L4: Win Rate | M4: Jogos | N4: Vitórias | O4: Derrotas | P4: Win Rate | Q4: Jogos | R4: Vitórias | S4: Derrotas | T4: Win Rate | U4: Jogos | V4: Vitórias | W4: Derrotas | X4: Win Rate | Y4: Jogos T | Z4: Vitórias | AA4: Derrotas | AB4: Win Rate | AC4: Notas
B5: 1 | C5: João Capela | D5: Capela | E5: =IFERROR((VLOOKUP(D5,'UCL SS'!$C$3:$D$31,2,FALSE)),0) -> 19 | F5: =IFERROR(VLOOKUP(D5,'UCL SS'!$C$3:$E$31,3,FALSE),0) -> 13 | G5: =IFERROR(VLOOKUP(D5,'UCL SS'!$C$3:$F$31,4,FALSE),0) -> 6 | H5: =IFERROR(F5/E5,0) -> 0.68421053 | I5: =IFERROR(VLOOKUP(D5,'UCL WS'!$C$3:$F$35,2,FALSE),0) -> 18 | J5: =IFERROR(VLOOKUP(D5,'UCL WS'!$C$3:$F$35,3,FALSE),0) -> 13 | K5: =IFERROR(VLOOKUP(D5,'UCL WS'!$C$3:$F$35,4,FALSE),0) -> 5 | L5: =IFERROR(J5/I5,0) -> 0.72222222 | M5: =IFERROR(VLOOKUP(D5,'UCL SS 2ed'!$C$3:$F$50,2,FALSE),0) -> 18 | N5: =IFERROR(VLOOKUP(D5,'UCL SS 2ed'!$C$3:$F$50,3,FALSE),0) -> 9 | O5: =IFERROR(VLOOKUP(D5,'UCL SS 2ed'!$C$3:$F$50,4,FALSE),0) -> 9 | P5: =IFERROR(N5/M5,0) -> 0.5 | Q5: =+_xlfn.XLOOKUP(D5,'UCL WS 2ed'!$C$3:$C$37,'UCL WS 2ed'!$D$3:$D$37,0,0) -> 18 | R5: =+_xlfn.XLOOKUP(D5,'UCL WS 2ed'!$C$3:$C$37,'UCL WS 2ed'!$E$3:$E$37,0,0) -> 10 | S5: =+_xlfn.XLOOKUP(D5,'UCL WS 2ed'!$C$3:$C$37,'UCL WS 2ed'!$F$3:$F$37,0) -> 8 | T5: =IFERROR(R5/Q5,0) -> 0.55555556 | U5: =IFERROR(VLOOKUP(D5,'UCL SS 3ed'!$C$3:$F$24,2,FALSE),0) -> 11 | V5: =IFERROR(VLOOKUP(D5,'UCL SS 3ed'!$C$3:$F$24,3,FALSE),0) -> 7 | W5: =IFERROR(VLOOKUP(D5,'UCL SS 3ed'!$C$3:$F$24,4,FALSE),0) -> 4 | X5: =IFERROR(V5/U5,0) -> 0.63636364 | Y5: =E5+I5+M5+Q5+U5 -> 84 | Z5: =F5+J5+N5+R5+V5 -> 52 | AA5: =G5+K5+O5+S5+W5 -> 32 | AB5: =Z5/Y5 -> 0.61904762
B6: 2 | C6: Joaquim Torrão | D6: Quim | E6: =IFERROR((VLOOKUP(D6,'UCL SS'!$C$3:$D$31,2,FALSE)),0) -> 19 | F6: =IFERROR(VLOOKUP(D6,'UCL SS'!$C$3:$E$31,3,FALSE),0) -> 8 | G6: =IFERROR(VLOOKUP(D6,'UCL SS'!$C$3:$F$31,4,FALSE),0) -> 11 | H6: =IFERROR(F6/E6,0) -> 0.42105263 | I6: =IFERROR(VLOOKUP(D6,'UCL WS'!$C$3:$F$35,2,FALSE),0) -> 15 | J6: =IFERROR(VLOOKUP(D6,'UCL WS'!$C$3:$F$35,3,FALSE),0) -> 8 | K6: =IFERROR(VLOOKUP(D6,'UCL WS'!$C$3:$F$35,4,FALSE),0) -> 7 | L6: =IFERROR(J6/I6,0) -> 0.53333333 | M6: =IFERROR(VLOOKUP(D6,'UCL SS 2ed'!$C$3:$F$50,2,FALSE),0) -> 19 | N6: =IFERROR(VLOOKUP(D6,'UCL SS 2ed'!$C$3:$F$50,3,FALSE),0) -> 12 | O6: =IFERROR(VLOOKUP(D6,'UCL SS 2ed'!$C$3:$F$50,4,FALSE),0) -> 7 | P6: =IFERROR(N6/M6,0) -> 0.63157895 | Q6: =+_xlfn.XLOOKUP(D6,'UCL WS 2ed'!$C$3:$C$37,'UCL WS 2ed'!$D$3:$D$37,0,0) -> 18 | R6: =+_xlfn.XLOOKUP(D6,'UCL WS 2ed'!$C$3:$C$37,'UCL WS 2ed'!$E$3:$E$37,0,0) -> 12 | S6: =+_xlfn.XLOOKUP(D6,'UCL WS 2ed'!$C$3:$C$37,'UCL WS 2ed'!$F$3:$F$37,0) -> 6 | T6: =IFERROR(R6/Q6,0) -> 0.66666667 | U6: =IFERROR(VLOOKUP(D6,'UCL SS 3ed'!$C$3:$F$24,2,FALSE),0) -> 10 | V6: =IFERROR(VLOOKUP(D6,'UCL SS 3ed'!$C$3:$F$24,3,FALSE),0) -> 4 | W6: =IFERROR(VLOOKUP(D6,'UCL SS 3ed'!$C$3:$F$24,4,FALSE),0) -> 6 | X6: =IFERROR(V6/U6,0) -> 0.4 | Y6: =E6+I6+M6+Q6+U6 -> 81 | Z6: =F6+J6+N6+R6+V6 -> 44 | AA6: =G6+K6+O6+S6+W6 -> 37 | AB6: =Z6/Y6 -> 0.54320988
B7: 3 | C7: Francisco Campos | D7: Campos | E7: =IFERROR((VLOOKUP(D7,'UCL SS'!$C$3:$D$31,2,FALSE)),0) -> 17 | F7: =IFERROR(VLOOKUP(D7,'UCL SS'!$C$3:$E$31,3,FALSE),0) -> 9 | G7: =IFERROR(VLOOKUP(D7,'UCL SS'!$C$3:$F$31,4,FALSE),0) -> 8 | H7: =IFERROR(F7/E7,0) -> 0.52941176 | I7: =IFERROR(VLOOKUP(D7,'UCL WS'!$C$3:$F$35,2,FALSE),0) -> 15 | J7: =IFERROR(VLOOKUP(D7,'UCL WS'!$C$3:$F$35,3,FALSE),0) -> 8 | K7: =IFERROR(VLOOKUP(D7,'UCL WS'!$C$3:$F$35,4,FALSE),0) -> 7 | L7: =IFERROR(J7/I7,0) -> 0.53333333 | M7: =IFERROR(VLOOKUP(D7,'UCL SS 2ed'!$C$3:$F$50,2,FALSE),0) -> 9 | N7: =IFERROR(VLOOKUP(D7,'UCL SS 2ed'!$C$3:$F$50,3,FALSE),0) -> 5 | O7: =IFERROR(VLOOKUP(D7,'UCL SS 2ed'!$C$3:$F$50,4,FALSE),0) -> 4 | P7: =IFERROR(N7/M7,0) -> 0.55555556 | Q7: =+_xlfn.XLOOKUP(D7,'UCL WS 2ed'!$C$3:$C$37,'UCL WS 2ed'!$D$3:$D$37,0,0) -> 14 | R7: =+_xlfn.XLOOKUP(D7,'UCL WS 2ed'!$C$3:$C$37,'UCL WS 2ed'!$E$3:$E$37,0,0) -> 8 | S7: =+_xlfn.XLOOKUP(D7,'UCL WS 2ed'!$C$3:$C$37,'UCL WS 2ed'!$F$3:$F$37,0) -> 6 | T7: =IFERROR(R7/Q7,0) -> 0.57142857 | U7: =IFERROR(VLOOKUP(D7,'UCL SS 3ed'!$C$3:$F$24,2,FALSE),0) -> 8 | V7: =IFERROR(VLOOKUP(D7,'UCL SS 3ed'!$C$3:$F$24,3,FALSE),0) -> 7 | W7: =IFERROR(VLOOKUP(D7,'UCL SS 3ed'!$C$3:$F$24,4,FALSE),0) -> 1 | X7: =IFERROR(V7/U7,0) -> 0.875 | Y7: =E7+I7+M7+Q7+U7 -> 63 | Z7: =F7+J7+N7+R7+V7 -> 37 | AA7: =G7+K7+O7+S7+W7 -> 26 | AB7: =Z7/Y7 -> 0.58730159
B8: 4 | C8: Pedro Vieira | D8: Vieira | E8: =IFERROR((VLOOKUP(D8,'UCL SS'!$C$3:$D$31,2,FALSE)),0) -> 18 | F8: =IFERROR(VLOOKUP(D8,'UCL SS'!$C$3:$E$31,3,FALSE),0) -> 10 | G8: =IFERROR(VLOOKUP(D8,'UCL SS'!$C$3:$F$31,4,FALSE),0) -> 8 | H8: =IFERROR(F8/E8,0) -> 0.55555556 | I8: =IFERROR(VLOOKUP(D8,'UCL WS'!$C$3:$F$35,2,FALSE),0) -> 12 | J8: =IFERROR(VLOOKUP(D8,'UCL WS'!$C$3:$F$35,3,FALSE),0) -> 6 | K8: =IFERROR(VLOOKUP(D8,'UCL WS'!$C$3:$F$35,4,FALSE),0) -> 6 | L8: =IFERROR(J8/I8,0) -> 0.5 | M8: =IFERROR(VLOOKUP(D8,'UCL SS 2ed'!$C$3:$F$50,2,FALSE),0) -> 12 | N8: =IFERROR(VLOOKUP(D8,'UCL SS 2ed'!$C$3:$F$50,3,FALSE),0) -> 6 | O8: =IFERROR(VLOOKUP(D8,'UCL SS 2ed'!$C$3:$F$50,4,FALSE),0) -> 6 | P8: =IFERROR(N8/M8,0) -> 0.5 | Q8: =+_xlfn.XLOOKUP(D8,'UCL WS 2ed'!$C$3:$C$37,'UCL WS 2ed'!$D$3:$D$37,0,0) -> 7 | R8: =+_xlfn.XLOOKUP(D8,'UCL WS 2ed'!$C$3:$C$37,'UCL WS 2ed'!$E$3:$E$37,0,0) -> 4 | S8: =+_xlfn.XLOOKUP(D8,'UCL WS 2ed'!$C$3:$C$37,'UCL WS 2ed'!$F$3:$F$37,0) -> 3 | T8: =IFERROR(R8/Q8,0) -> 0.57142857 | U8: =IFERROR(VLOOKUP(D8,'UCL SS 3ed'!$C$3:$F$24,2,FALSE),0) -> 8 | V8: =IFERROR(VLOOKUP(D8,'UCL SS 3ed'!$C$3:$F$24,3,FALSE),0) -> 3 | W8: =IFERROR(VLOOKUP(D8,'UCL SS 3ed'!$C$3:$F$24,4,FALSE),0) -> 5 | X8: =IFERROR(V8/U8,0) -> 0.375 | Y8: =E8+I8+M8+Q8+U8 -> 57 | Z8: =F8+J8+N8+R8+V8 -> 29 | AA8: =G8+K8+O8+S8+W8 -> 28 | AB8: =Z8/Y8 -> 0.50877193
B9: 5 | C9: Guilherme Moura | D9: Gui Moura | E9: =IFERROR((VLOOKUP(D9,'UCL SS'!$C$3:$D$31,2,FALSE)),0) -> 8 | F9: =IFERROR(VLOOKUP(D9,'UCL SS'!$C$3:$E$31,3,FALSE),0) -> 4 | G9: =IFERROR(VLOOKUP(D9,'UCL SS'!$C$3:$F$31,4,FALSE),0) -> 4 | H9: =IFERROR(F9/E9,0) -> 0.5 | I9: =IFERROR(VLOOKUP(D9,'UCL WS'!$C$3:$F$35,2,FALSE),0) -> 8 | J9: =IFERROR(VLOOKUP(D9,'UCL WS'!$C$3:$F$35,3,FALSE),0) -> 3 | K9: =IFERROR(VLOOKUP(D9,'UCL WS'!$C$3:$F$35,4,FALSE),0) -> 5 | L9: =IFERROR(J9/I9,0) -> 0.375 | M9: =IFERROR(VLOOKUP(D9,'UCL SS 2ed'!$C$3:$F$50,2,FALSE),0) -> 11 | N9: =IFERROR(VLOOKUP(D9,'UCL SS 2ed'!$C$3:$F$50,3,FALSE),0) -> 2 | O9: =IFERROR(VLOOKUP(D9,'UCL SS 2ed'!$C$3:$F$50,4,FALSE),0) -> 9 | P9: =IFERROR(N9/M9,0) -> 0.18181818 | Q9: =+_xlfn.XLOOKUP(D9,'UCL WS 2ed'!$C$3:$C$37,'UCL WS 2ed'!$D$3:$D$37,0,0) -> 14 | R9: =+_xlfn.XLOOKUP(D9,'UCL WS 2ed'!$C$3:$C$37,'UCL WS 2ed'!$E$3:$E$37,0,0) -> 6 | S9: =+_xlfn.XLOOKUP(D9,'UCL WS 2ed'!$C$3:$C$37,'UCL WS 2ed'!$F$3:$F$37,0) -> 8 | T9: =IFERROR(R9/Q9,0) -> 0.42857143 | U9: =IFERROR(VLOOKUP(D9,'UCL SS 3ed'!$C$3:$F$24,2,FALSE),0) -> 9 | V9: =IFERROR(VLOOKUP(D9,'UCL SS 3ed'!$C$3:$F$24,3,FALSE),0) -> 3 | W9: =IFERROR(VLOOKUP(D9,'UCL SS 3ed'!$C$3:$F$24,4,FALSE),0) -> 6 | X9: =IFERROR(V9/U9,0) -> 0.33333333 | Y9: =E9+I9+M9+Q9+U9 -> 50 | Z9: =F9+J9+N9+R9+V9 -> 18 | AA9: =G9+K9+O9+S9+W9 -> 32 | AB9: =Z9/Y9 -> 0.36
B10: 6 | C10: Eduardo Maia | D10: Edu | E10: =IFERROR((VLOOKUP(D10,'UCL SS'!$C$3:$D$31,2,FALSE)),0) -> 15 | F10: =IFERROR(VLOOKUP(D10,'UCL SS'!$C$3:$E$31,3,FALSE),0) -> 7 | G10: =IFERROR(VLOOKUP(D10,'UCL SS'!$C$3:$F$31,4,FALSE),0) -> 8 | H10: =IFERROR(F10/E10,0) -> 0.46666667 | I10: =IFERROR(VLOOKUP(D10,'UCL WS'!$C$3:$F$35,2,FALSE),0) -> 0 | J10: =IFERROR(VLOOKUP(D10,'UCL WS'!$C$3:$F$35,3,FALSE),0) -> 0 | K10: =IFERROR(VLOOKUP(D10,'UCL WS'!$C$3:$F$35,4,FALSE),0) -> 0 | L10: =IFERROR(J10/I10,0) -> 0 | M10: =IFERROR(VLOOKUP(D10,'UCL SS 2ed'!$C$3:$F$50,2,FALSE),0) -> 4 | N10: =IFERROR(VLOOKUP(D10,'UCL SS 2ed'!$C$3:$F$50,3,FALSE),0) -> 1 | O10: =IFERROR(VLOOKUP(D10,'UCL SS 2ed'!$C$3:$F$50,4,FALSE),0) -> 3 | P10: =IFERROR(N10/M10,0) -> 0.25 | Q10: =+_xlfn.XLOOKUP(D10,'UCL WS 2ed'!$C$3:$C$37,'UCL WS 2ed'!$D$3:$D$37,0,0) -> 17 | R10: =+_xlfn.XLOOKUP(D10,'UCL WS 2ed'!$C$3:$C$37,'UCL WS 2ed'!$E$3:$E$37,0,0) -> 6 | S10: =+_xlfn.XLOOKUP(D10,'UCL WS 2ed'!$C$3:$C$37,'UCL WS 2ed'!$F$3:$F$37,0) -> 11 | T10: =IFERROR(R10/Q10,0) -> 0.35294118 | U10: =IFERROR(VLOOKUP(D10,'UCL SS 3ed'!$C$3:$F$24,2,FALSE),0) -> 9 | V10: =IFERROR(VLOOKUP(D10,'UCL SS 3ed'!$C$3:$F$24,3,FALSE),0) -> 2 | W10: =IFERROR(VLOOKUP(D10,'UCL SS 3ed'!$C$3:$F$24,4,FALSE),0) -> 7 | X10: =IFERROR(V10/U10,0) -> 0.22222222 | Y10: =E10+I10+M10+Q10+U10 -> 45 | Z10: =F10+J10+N10+R10+V10 -> 16 | AA10: =G10+K10+O10+S10+W10 -> 29 | AB10: =Z10/Y10 -> 0.35555556
B11: 6 | C11: Renato Pereira | D11: Renato | E11: =IFERROR((VLOOKUP(D11,'UCL SS'!$C$3:$D$31,2,FALSE)),0) -> 1 | F11: =IFERROR(VLOOKUP(D11,'UCL SS'!$C$3:$E$31,3,FALSE),0) -> 0 | G11: =IFERROR(VLOOKUP(D11,'UCL SS'!$C$3:$F$31,4,FALSE),0) -> 1 | H11: =IFERROR(F11/E11,0) -> 0 | I11: =IFERROR(VLOOKUP(D11,'UCL WS'!$C$3:$F$35,2,FALSE),0) -> 9 | J11: =IFERROR(VLOOKUP(D11,'UCL WS'!$C$3:$F$35,3,FALSE),0) -> 4 | K11: =IFERROR(VLOOKUP(D11,'UCL WS'!$C$3:$F$35,4,FALSE),0) -> 5 | L11: =IFERROR(J11/I11,0) -> 0.44444444 | M11: =IFERROR(VLOOKUP(D11,'UCL SS 2ed'!$C$3:$F$50,2,FALSE),0) -> 12 | N11: =IFERROR(VLOOKUP(D11,'UCL SS 2ed'!$C$3:$F$50,3,FALSE),0) -> 7 | O11: =IFERROR(VLOOKUP(D11,'UCL SS 2ed'!$C$3:$F$50,4,FALSE),0) -> 5 | P11: =IFERROR(N11/M11,0) -> 0.58333333 | Q11: =+_xlfn.XLOOKUP(D11,'UCL WS 2ed'!$C$3:$C$37,'UCL WS 2ed'!$D$3:$D$37,0,0) -> 12 | R11: =+_xlfn.XLOOKUP(D11,'UCL WS 2ed'!$C$3:$C$37,'UCL WS 2ed'!$E$3:$E$37,0,0) -> 5 | S11: =+_xlfn.XLOOKUP(D11,'UCL WS 2ed'!$C$3:$C$37,'UCL WS 2ed'!$F$3:$F$37,0) -> 7 | T11: =IFERROR(R11/Q11,0) -> 0.41666667 | U11: =IFERROR(VLOOKUP(D11,'UCL SS 3ed'!$C$3:$F$24,2,FALSE),0) -> 11 | V11: =IFERROR(VLOOKUP(D11,'UCL SS 3ed'!$C$3:$F$24,3,FALSE),0) -> 4 | W11: =IFERROR(VLOOKUP(D11,'UCL SS 3ed'!$C$3:$F$24,4,FALSE),0) -> 7 | X11: =IFERROR(V11/U11,0) -> 0.36363636 | Y11: =E11+I11+M11+Q11+U11 -> 45 | Z11: =F11+J11+N11+R11+V11 -> 20 | AA11: =G11+K11+O11+S11+W11 -> 25 | AB11: =Z11/Y11 -> 0.44444444
B12: 8 | C12: José Miguel Ferreira | D12: Zé Miguel | E12: =IFERROR((VLOOKUP(D12,'UCL SS'!$C$3:$D$31,2,FALSE)),0) -> 13 | F12: =IFERROR(VLOOKUP(D12,'UCL SS'!$C$3:$E$31,3,FALSE),0) -> 8 | G12: =IFERROR(VLOOKUP(D12,'UCL SS'!$C$3:$F$31,4,FALSE),0) -> 5 | H12: =IFERROR(F12/E12,0) -> 0.61538462 | I12: =IFERROR(VLOOKUP(D12,'UCL WS'!$C$3:$F$35,2,FALSE),0) -> 2 | J12: =IFERROR(VLOOKUP(D12,'UCL WS'!$C$3:$F$35,3,FALSE),0) -> 1 | K12: =IFERROR(VLOOKUP(D12,'UCL WS'!$C$3:$F$35,4,FALSE),0) -> 1 | L12: =IFERROR(J12/I12,0) -> 0.5 | M12: =IFERROR(VLOOKUP(D12,'UCL SS 2ed'!$C$3:$F$50,2,FALSE),0) -> 3 | N12: =IFERROR(VLOOKUP(D12,'UCL SS 2ed'!$C$3:$F$50,3,FALSE),0) -> 1 | O12: =IFERROR(VLOOKUP(D12,'UCL SS 2ed'!$C$3:$F$50,4,FALSE),0) -> 2 | P12: =IFERROR(N12/M12,0) -> 0.33333333 | Q12: =+_xlfn.XLOOKUP(D12,'UCL WS 2ed'!$C$3:$C$37,'UCL WS 2ed'!$D$3:$D$37,0,0) -> 11 | R12: =+_xlfn.XLOOKUP(D12,'UCL WS 2ed'!$C$3:$C$37,'UCL WS 2ed'!$E$3:$E$37,0,0) -> 4 | S12: =+_xlfn.XLOOKUP(D12,'UCL WS 2ed'!$C$3:$C$37,'UCL WS 2ed'!$F$3:$F$37,0) -> 7 | T12: =IFERROR(R12/Q12,0) -> 0.36363636 | U12: =IFERROR(VLOOKUP(D12,'UCL SS 3ed'!$C$3:$F$24,2,FALSE),0) -> 9 | V12: =IFERROR(VLOOKUP(D12,'UCL SS 3ed'!$C$3:$F$24,3,FALSE),0) -> 5 | W12: =IFERROR(VLOOKUP(D12,'UCL SS 3ed'!$C$3:$F$24,4,FALSE),0) -> 4 | X12: =IFERROR(V12/U12,0) -> 0.55555556 | Y12: =E12+I12+M12+Q12+U12 -> 38 | Z12: =F12+J12+N12+R12+V12 -> 19 | AA12: =G12+K12+O12+S12+W12 -> 19 | AB12: =Z12/Y12 -> 0.5
B13: 9 | C13: Rodrigo Silva | D13: Rodrigo | E13: =IFERROR((VLOOKUP(D13,'UCL SS'!$C$3:$D$31,2,FALSE)),0) -> 0 | F13: =IFERROR(VLOOKUP(D13,'UCL SS'!$C$3:$E$31,3,FALSE),0) -> 0 | G13: =IFERROR(VLOOKUP(D13,'UCL SS'!$C$3:$F$31,4,FALSE),0) -> 0 | H13: =IFERROR(F13/E13,0) -> 0 | I13: =IFERROR(VLOOKUP(D13,'UCL WS'!$C$3:$F$35,2,FALSE),0) -> 16 | J13: =IFERROR(VLOOKUP(D13,'UCL WS'!$C$3:$F$35,3,FALSE),0) -> 9 | K13: =IFERROR(VLOOKUP(D13,'UCL WS'!$C$3:$F$35,4,FALSE),0) -> 7 | L13: =IFERROR(J13/I13,0) -> 0.5625 | M13: =IFERROR(VLOOKUP(D13,'UCL SS 2ed'!$C$3:$F$50,2,FALSE),0) -> 4 | N13: =IFERROR(VLOOKUP(D13,'UCL SS 2ed'!$C$3:$F$50,3,FALSE),0) -> 2 | O13: =IFERROR(VLOOKUP(D13,'UCL SS 2ed'!$C$3:$F$50,4,FALSE),0) -> 2 | P13: =IFERROR(N13/M13,0) -> 0.5 | Q13: =+_xlfn.XLOOKUP(D13,'UCL WS 2ed'!$C$3:$C$37,'UCL WS 2ed'!$D$3:$D$37,0,0) -> 5 | R13: =+_xlfn.XLOOKUP(D13,'UCL WS 2ed'!$C$3:$C$37,'UCL WS 2ed'!$E$3:$E$37,0,0) -> 2 | S13: =+_xlfn.XLOOKUP(D13,'UCL WS 2ed'!$C$3:$C$37,'UCL WS 2ed'!$F$3:$F$37,0) -> 3 | T13: =IFERROR(R13/Q13,0) -> 0.4 | U13: =IFERROR(VLOOKUP(D13,'UCL SS 3ed'!$C$3:$F$24,2,FALSE),0) -> 10 | V13: =IFERROR(VLOOKUP(D13,'UCL SS 3ed'!$C$3:$F$24,3,FALSE),0) -> 7 | W13: =IFERROR(VLOOKUP(D13,'UCL SS 3ed'!$C$3:$F$24,4,FALSE),0) -> 3 | X13: =IFERROR(V13/U13,0) -> 0.7 | Y13: =E13+I13+M13+Q13+U13 -> 35 | Z13: =F13+J13+N13+R13+V13 -> 20 | AA13: =G13+K13+O13+S13+W13 -> 15 | AB13: =Z13/Y13 -> 0.57142857
B14: 10 | C14: João Alex Silva | D14: Alex | E14: =IFERROR((VLOOKUP(D14,'UCL SS'!$C$3:$D$31,2,FALSE)),0) -> 0 | F14: =IFERROR(VLOOKUP(D14,'UCL SS'!$C$3:$E$31,3,FALSE),0) -> 0 | G14: =IFERROR(VLOOKUP(D14,'UCL SS'!$C$3:$F$31,4,FALSE),0) -> 0 | H14: =IFERROR(F14/E14,0) -> 0 | I14: =IFERROR(VLOOKUP(D14,'UCL WS'!$C$3:$F$35,2,FALSE),0) -> 15 | J14: =IFERROR(VLOOKUP(D14,'UCL WS'!$C$3:$F$35,3,FALSE),0) -> 6 | K14: =IFERROR(VLOOKUP(D14,'UCL WS'!$C$3:$F$35,4,FALSE),0) -> 9 | L14: =IFERROR(J14/I14,0) -> 0.4 | M14: =IFERROR(VLOOKUP(D14,'UCL SS 2ed'!$C$3:$F$50,2,FALSE),0) -> 9 | N14: =IFERROR(VLOOKUP(D14,'UCL SS 2ed'!$C$3:$F$50,3,FALSE),0) -> 4 | O14: =IFERROR(VLOOKUP(D14,'UCL SS 2ed'!$C$3:$F$50,4,FALSE),0) -> 5 | P14: =IFERROR(N14/M14,0) -> 0.44444444 | Q14: =+_xlfn.XLOOKUP(D14,'UCL WS 2ed'!$C$3:$C$37,'UCL WS 2ed'!$D$3:$D$37,0,0) -> 4 | R14: =+_xlfn.XLOOKUP(D14,'UCL WS 2ed'!$C$3:$C$37,'UCL WS 2ed'!$E$3:$E$37,0,0) -> 2 | S14: =+_xlfn.XLOOKUP(D14,'UCL WS 2ed'!$C$3:$C$37,'UCL WS 2ed'!$F$3:$F$37,0) -> 2 | T14: =IFERROR(R14/Q14,0) -> 0.5 | U14: =IFERROR(VLOOKUP(D14,'UCL SS 3ed'!$C$3:$F$24,2,FALSE),0) -> 2 | V14: =IFERROR(VLOOKUP(D14,'UCL SS 3ed'!$C$3:$F$24,3,FALSE),0) -> 1 | W14: =IFERROR(VLOOKUP(D14,'UCL SS 3ed'!$C$3:$F$24,4,FALSE),0) -> 1 | X14: =IFERROR(V14/U14,0) -> 0.5 | Y14: =E14+I14+M14+Q14+U14 -> 30 | Z14: =F14+J14+N14+R14+V14 -> 13 | AA14: =G14+K14+O14+S14+W14 -> 17 | AB14: =Z14/Y14 -> 0.43333333
B15: 11 | C15: Raul Trocado | D15: Trocado | E15: =IFERROR((VLOOKUP(D15,'UCL SS'!$C$3:$D$31,2,FALSE)),0) -> 0 | F15: =IFERROR(VLOOKUP(D15,'UCL SS'!$C$3:$E$31,3,FALSE),0) -> 0 | G15: =IFERROR(VLOOKUP(D15,'UCL SS'!$C$3:$F$31,4,FALSE),0) -> 0 | H15: =IFERROR(F15/E15,0) -> 0 | I15: =IFERROR(VLOOKUP(D15,'UCL WS'!$C$3:$F$35,2,FALSE),0) -> 1 | J15: =IFERROR(VLOOKUP(D15,'UCL WS'!$C$3:$F$35,3,FALSE),0) -> 0 | K15: =IFERROR(VLOOKUP(D15,'UCL WS'!$C$3:$F$35,4,FALSE),0) -> 1 | L15: =IFERROR(J15/I15,0) -> 0 | M15: =IFERROR(VLOOKUP(D15,'UCL SS 2ed'!$C$3:$F$50,2,FALSE),0) -> 3 | N15: =IFERROR(VLOOKUP(D15,'UCL SS 2ed'!$C$3:$F$50,3,FALSE),0) -> 3 | O15: =IFERROR(VLOOKUP(D15,'UCL SS 2ed'!$C$3:$F$50,4,FALSE),0) -> 0 | P15: =IFERROR(N15/M15,0) -> 1 | Q15: =+_xlfn.XLOOKUP(D15,'UCL WS 2ed'!$C$3:$C$37,'UCL WS 2ed'!$D$3:$D$37,0,0) -> 12 | R15: =+_xlfn.XLOOKUP(D15,'UCL WS 2ed'!$C$3:$C$37,'UCL WS 2ed'!$E$3:$E$37,0,0) -> 9 | S15: =+_xlfn.XLOOKUP(D15,'UCL WS 2ed'!$C$3:$C$37,'UCL WS 2ed'!$F$3:$F$37,0) -> 3 | T15: =IFERROR(R15/Q15,0) -> 0.75 | U15: =IFERROR(VLOOKUP(D15,'UCL SS 3ed'!$C$3:$F$24,2,FALSE),0) -> 11 | V15: =IFERROR(VLOOKUP(D15,'UCL SS 3ed'!$C$3:$F$24,3,FALSE),0) -> 6 | W15: =IFERROR(VLOOKUP(D15,'UCL SS 3ed'!$C$3:$F$24,4,FALSE),0) -> 5 | X15: =IFERROR(V15/U15,0) -> 0.54545455 | Y15: =E15+I15+M15+Q15+U15 -> 27 | Z15: =F15+J15+N15+R15+V15 -> 18 | AA15: =G15+K15+O15+S15+W15 -> 9 | AB15: =Z15/Y15 -> 0.66666667
B16: 12 | C16: Rui Dimas | D16: Dimas | E16: =IFERROR((VLOOKUP(D16,'UCL SS'!$C$3:$D$31,2,FALSE)),0) -> 16 | F16: =IFERROR(VLOOKUP(D16,'UCL SS'!$C$3:$E$31,3,FALSE),0) -> 8 | G16: =IFERROR(VLOOKUP(D16,'UCL SS'!$C$3:$F$31,4,FALSE),0) -> 8 | H16: =IFERROR(F16/E16,0) -> 0.5 | I16: =IFERROR(VLOOKUP(D16,'UCL WS'!$C$3:$F$35,2,FALSE),0) -> 4 | J16: =IFERROR(VLOOKUP(D16,'UCL WS'!$C$3:$F$35,3,FALSE),0) -> 2 | K16: =IFERROR(VLOOKUP(D16,'UCL WS'!$C$3:$F$35,4,FALSE),0) -> 2 | L16: =IFERROR(J16/I16,0) -> 0.5 | M16: =IFERROR(VLOOKUP(D16,'UCL SS 2ed'!$C$3:$F$50,2,FALSE),0) -> 2 | N16: =IFERROR(VLOOKUP(D16,'UCL SS 2ed'!$C$3:$F$50,3,FALSE),0) -> 1 | O16: =IFERROR(VLOOKUP(D16,'UCL SS 2ed'!$C$3:$F$50,4,FALSE),0) -> 1 | P16: =IFERROR(N16/M16,0) -> 0.5 | Q16: =+_xlfn.XLOOKUP(D16,'UCL WS 2ed'!$C$3:$C$37,'UCL WS 2ed'!$D$3:$D$37,0,0) -> 1 | R16: =+_xlfn.XLOOKUP(D16,'UCL WS 2ed'!$C$3:$C$37,'UCL WS 2ed'!$E$3:$E$37,0,0) -> 1 | S16: =+_xlfn.XLOOKUP(D16,'UCL WS 2ed'!$C$3:$C$37,'UCL WS 2ed'!$F$3:$F$37,0) -> 0 | T16: =IFERROR(R16/Q16,0) -> 1 | U16: =IFERROR(VLOOKUP(D16,'UCL SS 3ed'!$C$3:$F$24,2,FALSE),0) -> 0 | V16: =IFERROR(VLOOKUP(D16,'UCL SS 3ed'!$C$3:$F$24,3,FALSE),0) -> 0 | W16: =IFERROR(VLOOKUP(D16,'UCL SS 3ed'!$C$3:$F$24,4,FALSE),0) -> 0 | X16: =IFERROR(V16/U16,0) -> 0 | Y16: =E16+I16+M16+Q16+U16 -> 23 | Z16: =F16+J16+N16+R16+V16 -> 12 | AA16: =G16+K16+O16+S16+W16 -> 11 | AB16: =Z16/Y16 -> 0.52173913
... B20: 14 | C20: João Santos | D20: Jorginho | E20: =IFERROR((VLOOKUP(D20,'UCL SS'!$C$3:$D$31,2,FALSE)),0) -> 4 | F20: =IFERROR(VLOOKUP(D20,'UCL SS'!$C$3:$E$31,3,FALSE),0) -> 3 | G20: =IFERROR(VLOOKUP(D20,'UCL SS'!$C$3:$F$31,4,FALSE),0) -> 1 | H20: =IFERROR(F20/E20,0) -> 0.75 | I20: =IFERROR(VLOOKUP(D20,'UCL WS'!$C$3:$F$35,2,FALSE),0) -> 7 | J20: =IFERROR(VLOOKUP(D20,'UCL WS'!$C$3:$F$35,3,FALSE),0) -> 3 | K20: =IFERROR(VLOOKUP(D20,'UCL WS'!$C$3:$F$35,4,FALSE),0) -> 4 | L20: =IFERROR(J20/I20,0) -> 0.42857143 | M20: =IFERROR(VLOOKUP(D20,'UCL SS 2ed'!$C$3:$F$50,2,FALSE),0) -> 3 | N20: =IFERROR(VLOOKUP(D20,'UCL SS 2ed'!$C$3:$F$50,3,FALSE),0) -> 1 | O20: =IFERROR(VLOOKUP(D20,'UCL SS 2ed'!$C$3:$F$50,4,FALSE),0) -> 2 | P20: =IFERROR(N20/M20,0) -> 0.33333333 | Q20: =+_xlfn.XLOOKUP(D20,'UCL WS 2ed'!$C$3:$C$37,'UCL WS 2ed'!$D$3:$D$37,0,0) -> 0 | R20: =+_xlfn.XLOOKUP(D20,'UCL WS 2ed'!$C$3:$C$37,'UCL WS 2ed'!$E$3:$E$37,0,0) -> 0 | S20: =+_xlfn.XLOOKUP(D20,'UCL WS 2ed'!$C$3:$C$37,'UCL WS 2ed'!$F$3:$F$37,0) -> 0 | T20: =IFERROR(R20/Q20,0) -> 0 | U20: =IFERROR(VLOOKUP(D20,'UCL SS 3ed'!$C$3:$F$24,2,FALSE),0) -> 7 | V20: =IFERROR(VLOOKUP(D20,'UCL SS 3ed'!$C$3:$F$24,3,FALSE),0) -> 5 | W20: =IFERROR(VLOOKUP(D20,'UCL SS 3ed'!$C$3:$F$24,4,FALSE),0) -> 2 | X20: =IFERROR(V20/U20,0) -> 0.71428571 | Y20: =E20+I20+M20+Q20+U20 -> 21 | Z20: =F20+J20+N20+R20+V20 -> 12 | AA20: =G20+K20+O20+S20+W20 -> 9 | AB20: =Z20/Y20 -> 0.57142857
B21: 17 | C21: Diogo Duarte | D21: Insua | E21: =IFERROR((VLOOKUP(D21,'UCL SS'!$C$3:$D$31,2,FALSE)),0) -> 4 | F21: =IFERROR(VLOOKUP(D21,'UCL SS'!$C$3:$E$31,3,FALSE),0) -> 2 | G21: =IFERROR(VLOOKUP(D21,'UCL SS'!$C$3:$F$31,4,FALSE),0) -> 2 | H21: =IFERROR(F21/E21,0) -> 0.5 | I21: =IFERROR(VLOOKUP(D21,'UCL WS'!$C$3:$F$35,2,FALSE),0) -> 3 | J21: =IFERROR(VLOOKUP(D21,'UCL WS'!$C$3:$F$35,3,FALSE),0) -> 2 | K21: =IFERROR(VLOOKUP(D21,'UCL WS'!$C$3:$F$35,4,FALSE),0) -> 1 | L21: =IFERROR(J21/I21,0) -> 0.66666667 | M21: =IFERROR(VLOOKUP(D21,'UCL SS 2ed'!$C$3:$F$50,2,FALSE),0) -> 7 | N21: =IFERROR(VLOOKUP(D21,'UCL SS 2ed'!$C$3:$F$50,3,FALSE),0) -> 2 | O21: =IFERROR(VLOOKUP(D21,'UCL SS 2ed'!$C$3:$F$50,4,FALSE),0) -> 5 | P21: =IFERROR(N21/M21,0) -> 0.28571429 | Q21: =+_xlfn.XLOOKUP(D21,'UCL WS 2ed'!$C$3:$C$37,'UCL WS 2ed'!$D$3:$D$37,0,0) -> 4 | R21: =+_xlfn.XLOOKUP(D21,'UCL WS 2ed'!$C$3:$C$37,'UCL WS 2ed'!$E$3:$E$37,0,0) -> 0 | S21: =+_xlfn.XLOOKUP(D21,'UCL WS 2ed'!$C$3:$C$37,'UCL WS 2ed'!$F$3:$F$37,0) -> 4 | T21: =IFERROR(R21/Q21,0) -> 0 | U21: =IFERROR(VLOOKUP(D21,'UCL SS 3ed'!$C$3:$F$24,2,FALSE),0) -> 1 | V21: =IFERROR(VLOOKUP(D21,'UCL SS 3ed'!$C$3:$F$24,3,FALSE),0) -> 0 | W21: =IFERROR(VLOOKUP(D21,'UCL SS 3ed'!$C$3:$F$24,4,FALSE),0) -> 1 | X21: =IFERROR(V21/U21,0) -> 0 | Y21: =E21+I21+M21+Q21+U21 -> 19 | Z21: =F21+J21+N21+R21+V21 -> 6 | AA21: =G21+K21+O21+S21+W21 -> 13 | AB21: =Z21/Y21 -> 0.31578947 | AC21: Só consegue às 2fs
B22: 18 | C22: Tiago Filipe | D22: Tigas | E22: =IFERROR((VLOOKUP(D22,'UCL SS'!$C$3:$D$31,2,FALSE)),0) -> 12 | F22: =IFERROR(VLOOKUP(D22,'UCL SS'!$C$3:$E$31,3,FALSE),0) -> 3 | G22: =IFERROR(VLOOKUP(D22,'UCL SS'!$C$3:$F$31,4,FALSE),0) -> 9 | H22: =IFERROR(F22/E22,0) -> 0.25 | I22: =IFERROR(VLOOKUP(D22,'UCL WS'!$C$3:$F$35,2,FALSE),0) -> 0 | J22: =IFERROR(VLOOKUP(D22,'UCL WS'!$C$3:$F$35,3,FALSE),0) -> 0 | K22: =IFERROR(VLOOKUP(D22,'UCL WS'!$C$3:$F$35,4,FALSE),0) -> 0 | L22: =IFERROR(J22/I22,0) -> 0 | M22: =IFERROR(VLOOKUP(D22,'UCL SS 2ed'!$C$3:$F$50,2,FALSE),0) -> 1 | N22: =IFERROR(VLOOKUP(D22,'UCL SS 2ed'!$C$3:$F$50,3,FALSE),0) -> 1 | O22: =IFERROR(VLOOKUP(D22,'UCL SS 2ed'!$C$3:$F$50,4,FALSE),0) -> 0 | P22: =IFERROR(N22/M22,0) -> 1 | Q22: =+_xlfn.XLOOKUP(D22,'UCL WS 2ed'!$C$3:$C$37,'UCL WS 2ed'!$D$3:$D$37,0,0) -> 4 | R22: =+_xlfn.XLOOKUP(D22,'UCL WS 2ed'!$C$3:$C$37,'UCL WS 2ed'!$E$3:$E$37,0,0) -> 1 | S22: =+_xlfn.XLOOKUP(D22,'UCL WS 2ed'!$C$3:$C$37,'UCL WS 2ed'!$F$3:$F$37,0) -> 3 | T22: =IFERROR(R22/Q22,0) -> 0.25 | U22: =IFERROR(VLOOKUP(D22,'UCL SS 3ed'!$C$3:$F$24,2,FALSE),0) -> 0 | V22: =IFERROR(VLOOKUP(D22,'UCL SS 3ed'!$C$3:$F$24,3,FALSE),0) -> 0 | W22: =IFERROR(VLOOKUP(D22,'UCL SS 3ed'!$C$3:$F$24,4,FALSE),0) -> 0 | X22: =IFERROR(V22/U22,0) -> 0 | Y22: =E22+I22+M22+Q22+U22 -> 17 | Z22: =F22+J22+N22+R22+V22 -> 5 | AA22: =G22+K22+O22+S22+W22 -> 12 | AB22: =Z22/Y22 -> 0.29411765
B23: 19 | C23: Dinis Pontes | D23: Trator | E23: =IFERROR((VLOOKUP(D23,'UCL SS'!$C$3:$D$31,2,FALSE)),0) -> 5 | F23: =IFERROR(VLOOKUP(D23,'UCL SS'!$C$3:$E$31,3,FALSE),0) -> 2 | G23: =IFERROR(VLOOKUP(D23,'UCL SS'!$C$3:$F$31,4,FALSE),0) -> 3 | H23: =IFERROR(F23/E23,0) -> 0.4 | I23: =IFERROR(VLOOKUP(D23,'UCL WS'!$C$3:$F$35,2,FALSE),0) -> 0 | J23: =IFERROR(VLOOKUP(D23,'UCL WS'!$C$3:$F$35,3,FALSE),0) -> 0 | K23: =IFERROR(VLOOKUP(D23,'UCL WS'!$C$3:$F$35,4,FALSE),0) -> 0 | L23: =IFERROR(J23/I23,0) -> 0 | M23: =IFERROR(VLOOKUP(D23,'UCL SS 2ed'!$C$3:$F$50,2,FALSE),0) -> 9 | N23: =IFERROR(VLOOKUP(D23,'UCL SS 2ed'!$C$3:$F$50,3,FALSE),0) -> 5 | O23: =IFERROR(VLOOKUP(D23,'UCL SS 2ed'!$C$3:$F$50,4,FALSE),0) -> 4 | P23: =IFERROR(N23/M23,0) -> 0.55555556 | Q23: =+_xlfn.XLOOKUP(D23,'UCL WS 2ed'!$C$3:$C$37,'UCL WS 2ed'!$D$3:$D$37,0,0) -> 0 | R23: =+_xlfn.XLOOKUP(D23,'UCL WS 2ed'!$C$3:$C$37,'UCL WS 2ed'!$E$3:$E$37,0,0) -> 0 | S23: =+_xlfn.XLOOKUP(D23,'UCL WS 2ed'!$C$3:$C$37,'UCL WS 2ed'!$F$3:$F$37,0) -> 0 | T23: =IFERROR(R23/Q23,0) -> 0 | U23: =IFERROR(VLOOKUP(D23,'UCL SS 3ed'!$C$3:$F$24,2,FALSE),0) -> 1 | V23: =IFERROR(VLOOKUP(D23,'UCL SS 3ed'!$C$3:$F$24,3,FALSE),0) -> 0 | W23: =IFERROR(VLOOKUP(D23,'UCL SS 3ed'!$C$3:$F$24,4,FALSE),0) -> 1 | X23: =IFERROR(V23/U23,0) -> 0 | Y23: =E23+I23+M23+Q23+U23 -> 15 | Z23: =F23+J23+N23+R23+V23 -> 7 | AA23: =G23+K23+O23+S23+W23 -> 8 | AB23: =Z23/Y23 -> 0.46666667
B24: 20 | C24: Diogo Souto | D24: Souto | E24: =IFERROR((VLOOKUP(D24,'UCL SS'!$C$3:$D$31,2,FALSE)),0) -> 0 | F24: =IFERROR(VLOOKUP(D24,'UCL SS'!$C$3:$E$31,3,FALSE),0) -> 0 | G24: =IFERROR(VLOOKUP(D24,'UCL SS'!$C$3:$F$31,4,FALSE),0) -> 0 | H24: =IFERROR(F24/E24,0) -> 0 | I24: =IFERROR(VLOOKUP(D24,'UCL WS'!$C$3:$F$35,2,FALSE),0) -> 1 | J24: =IFERROR(VLOOKUP(D24,'UCL WS'!$C$3:$F$35,3,FALSE),0) -> 0 | K24: =IFERROR(VLOOKUP(D24,'UCL WS'!$C$3:$F$35,4,FALSE),0) -> 1 | L24: =IFERROR(J24/I24,0) -> 0 | M24: =IFERROR(VLOOKUP(D24,'UCL SS 2ed'!$C$3:$F$50,2,FALSE),0) -> 6 | N24: =IFERROR(VLOOKUP(D24,'UCL SS 2ed'!$C$3:$F$50,3,FALSE),0) -> 4 | O24: =IFERROR(VLOOKUP(D24,'UCL SS 2ed'!$C$3:$F$50,4,FALSE),0) -> 2 | P24: =IFERROR(N24/M24,0) -> 0.66666667 | Q24: =+_xlfn.XLOOKUP(D24,'UCL WS 2ed'!$C$3:$C$37,'UCL WS 2ed'!$D$3:$D$37,0,0) -> 4 | R24: =+_xlfn.XLOOKUP(D24,'UCL WS 2ed'!$C$3:$C$37,'UCL WS 2ed'!$E$3:$E$37,0,0) -> 1 | S24: =+_xlfn.XLOOKUP(D24,'UCL WS 2ed'!$C$3:$C$37,'UCL WS 2ed'!$F$3:$F$37,0) -> 3 | T24: =IFERROR(R24/Q24,0) -> 0.25 | U24: =IFERROR(VLOOKUP(D24,'UCL SS 3ed'!$C$3:$F$24,2,FALSE),0) -> 2 | V24: =IFERROR(VLOOKUP(D24,'UCL SS 3ed'!$C$3:$F$24,3,FALSE),0) -> 1 | W24: =IFERROR(VLOOKUP(D24,'UCL SS 3ed'!$C$3:$F$24,4,FALSE),0) -> 1 | X24: =IFERROR(V24/U24,0) -> 0.5 | Y24: =E24+I24+M24+Q24+U24 -> 13 | Z24: =F24+J24+N24+R24+V24 -> 6 | AA24: =G24+K24+O24+S24+W24 -> 7 | AB24: =Z24/Y24 -> 0.46153846
B25: 21 | C25: João Órfão | D25: Órfão | E25: =IFERROR((VLOOKUP(D25,'UCL SS'!$C$3:$D$31,2,FALSE)),0) -> 3 | F25: =IFERROR(VLOOKUP(D25,'UCL SS'!$C$3:$E$31,3,FALSE),0) -> 0 | G25: =IFERROR(VLOOKUP(D25,'UCL SS'!$C$3:$F$31,4,FALSE),0) -> 3 | H25: =IFERROR(F25/E25,0) -> 0 | I25: =IFERROR(VLOOKUP(D25,'UCL WS'!$C$3:$F$35,2,FALSE),0) -> 0 | J25: =IFERROR(VLOOKUP(D25,'UCL WS'!$C$3:$F$35,3,FALSE),0) -> 0 | K25: =IFERROR(VLOOKUP(D25,'UCL WS'!$C$3:$F$35,4,FALSE),0) -> 0 | L25: =IFERROR(J25/I25,0) -> 0 | M25: =IFERROR(VLOOKUP(D25,'UCL SS 2ed'!$C$3:$F$50,2,FALSE),0) -> 4 | N25: =IFERROR(VLOOKUP(D25,'UCL SS 2ed'!$C$3:$F$50,3,FALSE),0) -> 2 | O25: =IFERROR(VLOOKUP(D25,'UCL SS 2ed'!$C$3:$F$50,4,FALSE),0) -> 2 | P25: =IFERROR(N25/M25,0) -> 0.5 | Q25: =+_xlfn.XLOOKUP(D25,'UCL WS 2ed'!$C$3:$C$37,'UCL WS 2ed'!$D$3:$D$37,0,0) -> 0 | R25: =+_xlfn.XLOOKUP(D25,'UCL WS 2ed'!$C$3:$C$37,'UCL WS 2ed'!$E$3:$E$37,0,0) -> 0 | S25: =+_xlfn.XLOOKUP(D25,'UCL WS 2ed'!$C$3:$C$37,'UCL WS 2ed'!$F$3:$F$37,0) -> 0 | T25: =IFERROR(R25/Q25,0) -> 0 | U25: =IFERROR(VLOOKUP(D25,'UCL SS 3ed'!$C$3:$F$24,2,FALSE),0) -> 4 | V25: =IFERROR(VLOOKUP(D25,'UCL SS 3ed'!$C$3:$F$24,3,FALSE),0) -> 2 | W25: =IFERROR(VLOOKUP(D25,'UCL SS 3ed'!$C$3:$F$24,4,FALSE),0) -> 2 | X25: =IFERROR(V25/U25,0) -> 0.5 | Y25: =E25+I25+M25+Q25+U25 -> 11 | Z25: =F25+J25+N25+R25+V25 -> 4 | AA25: =G25+K25+O25+S25+W25 -> 7 | AB25: =Z25/Y25 -> 0.36363636
B26: 22 | C26: Francisco Fonte | D26: Fonte | E26: =IFERROR((VLOOKUP(D26,'UCL SS'!$C$3:$D$31,2,FALSE)),0) -> 0 | F26: =IFERROR(VLOOKUP(D26,'UCL SS'!$C$3:$E$31,3,FALSE),0) -> 0 | G26: =IFERROR(VLOOKUP(D26,'UCL SS'!$C$3:$F$31,4,FALSE),0) -> 0 | H26: =IFERROR(F26/E26,0) -> 0 | I26: =IFERROR(VLOOKUP(D26,'UCL WS'!$C$3:$F$35,2,FALSE),0) -> 5 | J26: =IFERROR(VLOOKUP(D26,'UCL WS'!$C$3:$F$35,3,FALSE),0) -> 2 | K26: =IFERROR(VLOOKUP(D26,'UCL WS'!$C$3:$F$35,4,FALSE),0) -> 3 | L26: =IFERROR(J26/I26,0) -> 0.4 | M26: =IFERROR(VLOOKUP(D26,'UCL SS 2ed'!$C$3:$F$50,2,FALSE),0) -> 4 | N26: =IFERROR(VLOOKUP(D26,'UCL SS 2ed'!$C$3:$F$50,3,FALSE),0) -> 3 | O26: =IFERROR(VLOOKUP(D26,'UCL SS 2ed'!$C$3:$F$50,4,FALSE),0) -> 1 | P26: =IFERROR(N26/M26,0) -> 0.75 | Q26: =+_xlfn.XLOOKUP(D26,'UCL WS 2ed'!$C$3:$C$37,'UCL WS 2ed'!$D$3:$D$37,0,0) -> 0 | R26: =+_xlfn.XLOOKUP(D26,'UCL WS 2ed'!$C$3:$C$37,'UCL WS 2ed'!$E$3:$E$37,0,0) -> 0 | S26: =+_xlfn.XLOOKUP(D26,'UCL WS 2ed'!$C$3:$C$37,'UCL WS 2ed'!$F$3:$F$37,0) -> 0 | T26: =IFERROR(R26/Q26,0) -> 0 | U26: =IFERROR(VLOOKUP(D26,'UCL SS 3ed'!$C$3:$F$24,2,FALSE),0) -> 0 | V26: =IFERROR(VLOOKUP(D26,'UCL SS 3ed'!$C$3:$F$24,3,FALSE),0) -> 0 | W26: =IFERROR(VLOOKUP(D26,'UCL SS 3ed'!$C$3:$F$24,4,FALSE),0) -> 0 | X26: =IFERROR(V26/U26,0) -> 0 | Y26: =E26+I26+M26+Q26+U26 -> 9 | Z26: =F26+J26+N26+R26+V26 -> 5 | AA26: =G26+K26+O26+S26+W26 -> 4 | AB26: =Z26/Y26 -> 0.55555556 | AC26: Lesionado
B27: 22 | C27: Rosa | D27: Rosa | E27: =IFERROR((VLOOKUP(D27,'UCL SS'!$C$3:$D$31,2,FALSE)),0) -> 0 | F27: =IFERROR(VLOOKUP(D27,'UCL SS'!$C$3:$E$31,3,FALSE),0) -> 0 | G27: =IFERROR(VLOOKUP(D27,'UCL SS'!$C$3:$F$31,4,FALSE),0) -> 0 | H27: =IFERROR(F27/E27,0) -> 0 | I27: =IFERROR(VLOOKUP(D27,'UCL WS'!$C$3:$F$35,2,FALSE),0) -> 3 | J27: =IFERROR(VLOOKUP(D27,'UCL WS'!$C$3:$F$35,3,FALSE),0) -> 1 | K27: =IFERROR(VLOOKUP(D27,'UCL WS'!$C$3:$F$35,4,FALSE),0) -> 2 | L27: =IFERROR(J27/I27,0) -> 0.33333333 | M27: =IFERROR(VLOOKUP(D27,'UCL SS 2ed'!$C$3:$F$50,2,FALSE),0) -> 6 | N27: =IFERROR(VLOOKUP(D27,'UCL SS 2ed'!$C$3:$F$50,3,FALSE),0) -> 3 | O27: =IFERROR(VLOOKUP(D27,'UCL SS 2ed'!$C$3:$F$50,4,FALSE),0) -> 3 | P27: =IFERROR(N27/M27,0) -> 0.5 | Q27: =+_xlfn.XLOOKUP(D27,'UCL WS 2ed'!$C$3:$C$37,'UCL WS 2ed'!$D$3:$D$37,0,0) -> 0 | R27: =+_xlfn.XLOOKUP(D27,'UCL WS 2ed'!$C$3:$C$37,'UCL WS 2ed'!$E$3:$E$37,0,0) -> 0 | S27: =+_xlfn.XLOOKUP(D27,'UCL WS 2ed'!$C$3:$C$37,'UCL WS 2ed'!$F$3:$F$37,0) -> 0 | T27: =IFERROR(R27/Q27,0) -> 0 | U27: =IFERROR(VLOOKUP(D27,'UCL SS 3ed'!$C$3:$F$24,2,FALSE),0) -> 0 | V27: =IFERROR(VLOOKUP(D27,'UCL SS 3ed'!$C$3:$F$24,3,FALSE),0) -> 0 | W27: =IFERROR(VLOOKUP(D27,'UCL SS 3ed'!$C$3:$F$24,4,FALSE),0) -> 0 | X27: =IFERROR(V27/U27,0) -> 0 | Y27: =E27+I27+M27+Q27+U27 -> 9 | Z27: =F27+J27+N27+R27+V27 -> 4 | AA27: =G27+K27+O27+S27+W27 -> 5 | AB27: =Z27/Y27 -> 0.44444444
B28: 24 | C28: Leandro Terroso | D28: Zé Li | E28: =IFERROR((VLOOKUP(D28,'UCL SS'!$C$3:$D$31,2,FALSE)),0) -> 0 | F28: =IFERROR(VLOOKUP(D28,'UCL SS'!$C$3:$E$31,3,FALSE),0) -> 0 | G28: =IFERROR(VLOOKUP(D28,'UCL SS'!$C$3:$F$31,4,FALSE),0) -> 0 | H28: =IFERROR(F28/E28,0) -> 0 | I28: =IFERROR(VLOOKUP(D28,'UCL WS'!$C$3:$F$35,2,FALSE),0) -> 0 | J28: =IFERROR(VLOOKUP(D28,'UCL WS'!$C$3:$F$35,3,FALSE),0) -> 0 | K28: =IFERROR(VLOOKUP(D28,'UCL WS'!$C$3:$F$35,4,FALSE),0) -> 0 | L28: =IFERROR(J28/I28,0) -> 0 | M28: =IFERROR(VLOOKUP(D28,'UCL SS 2ed'!$C$3:$F$50,2,FALSE),0) -> 2 | N28: =IFERROR(VLOOKUP(D28,'UCL SS 2ed'!$C$3:$F$50,3,FALSE),0) -> 1 | O28: =IFERROR(VLOOKUP(D28,'UCL SS 2ed'!$C$3:$F$50,4,FALSE),0) -> 1 | P28: =IFERROR(N28/M28,0) -> 0.5 | Q28: =+_xlfn.XLOOKUP(D28,'UCL WS 2ed'!$C$3:$C$37,'UCL WS 2ed'!$D$3:$D$37,0,0) -> 5 | R28: =+_xlfn.XLOOKUP(D28,'UCL WS 2ed'!$C$3:$C$37,'UCL WS 2ed'!$E$3:$E$37,0,0) -> 4 | S28: =+_xlfn.XLOOKUP(D28,'UCL WS 2ed'!$C$3:$C$37,'UCL WS 2ed'!$F$3:$F$37,0) -> 1 | T28: =IFERROR(R28/Q28,0) -> 0.8 | U28: =IFERROR(VLOOKUP(D28,'UCL SS 3ed'!$C$3:$F$24,2,FALSE),0) -> 1 | V28: =IFERROR(VLOOKUP(D28,'UCL SS 3ed'!$C$3:$F$24,3,FALSE),0) -> 0 | W28: =IFERROR(VLOOKUP(D28,'UCL SS 3ed'!$C$3:$F$24,4,FALSE),0) -> 1 | X28: =IFERROR(V28/U28,0) -> 0 | Y28: =E28+I28+M28+Q28+U28 -> 8 | Z28: =F28+J28+N28+R28+V28 -> 5 | AA28: =G28+K28+O28+S28+W28 -> 3 | AB28: =Z28/Y28 -> 0.625
B29: 25 | C29: Diogo Azevedo | D29: Dipi | E29: =IFERROR((VLOOKUP(D29,'UCL SS'!$C$3:$D$31,2,FALSE)),0) -> 4 | F29: =IFERROR(VLOOKUP(D29,'UCL SS'!$C$3:$E$31,3,FALSE),0) -> 3 | G29: =IFERROR(VLOOKUP(D29,'UCL SS'!$C$3:$F$31,4,FALSE),0) -> 1 | H29: =IFERROR(F29/E29,0) -> 0.75 | I29: =IFERROR(VLOOKUP(D29,'UCL WS'!$C$3:$F$35,2,FALSE),0) -> 0 | J29: =IFERROR(VLOOKUP(D29,'UCL WS'!$C$3:$F$35,3,FALSE),0) -> 0 | K29: =IFERROR(VLOOKUP(D29,'UCL WS'!$C$3:$F$35,4,FALSE),0) -> 0 | L29: =IFERROR(J29/I29,0) -> 0 | M29: =IFERROR(VLOOKUP(D29,'UCL SS 2ed'!$C$3:$F$50,2,FALSE),0) -> 1 | N29: =IFERROR(VLOOKUP(D29,'UCL SS 2ed'!$C$3:$F$50,3,FALSE),0) -> 0 | O29: =IFERROR(VLOOKUP(D29,'UCL SS 2ed'!$C$3:$F$50,4,FALSE),0) -> 1 | P29: =IFERROR(N29/M29,0) -> 0 | Q29: =+_xlfn.XLOOKUP(D29,'UCL WS 2ed'!$C$3:$C$37,'UCL WS 2ed'!$D$3:$D$37,0,0) -> 2 | R29: =+_xlfn.XLOOKUP(D29,'UCL WS 2ed'!$C$3:$C$37,'UCL WS 2ed'!$E$3:$E$37,0,0) -> 1 | S29: =+_xlfn.XLOOKUP(D29,'UCL WS 2ed'!$C$3:$C$37,'UCL WS 2ed'!$F$3:$F$37,0) -> 1 | T29: =IFERROR(R29/Q29,0) -> 0.5 | U29: =IFERROR(VLOOKUP(D29,'UCL SS 3ed'!$C$3:$F$24,2,FALSE),0) -> 0 | V29: =IFERROR(VLOOKUP(D29,'UCL SS 3ed'!$C$3:$F$24,3,FALSE),0) -> 0 | W29: =IFERROR(VLOOKUP(D29,'UCL SS 3ed'!$C$3:$F$24,4,FALSE),0) -> 0 | X29: =IFERROR(V29/U29,0) -> 0 | Y29: =E29+I29+M29+Q29+U29 -> 7 | Z29: =F29+J29+N29+R29+V29 -> 4 | AA29: =G29+K29+O29+S29+W29 -> 3 | AB29: =Z29/Y29 -> 0.57142857
B30: 26 | C30: António Pinto | D30: Pinto | E30: =IFERROR((VLOOKUP(D30,'UCL SS'!$C$3:$D$31,2,FALSE)),0) -> 0 | F30: =IFERROR(VLOOKUP(D30,'UCL SS'!$C$3:$E$31,3,FALSE),0) -> 0 | G30: =IFERROR(VLOOKUP(D30,'UCL SS'!$C$3:$F$31,4,FALSE),0) -> 0 | H30: =IFERROR(F30/E30,0) -> 0 | I30: =IFERROR(VLOOKUP(D30,'UCL WS'!$C$3:$F$35,2,FALSE),0) -> 0 | J30: =IFERROR(VLOOKUP(D30,'UCL WS'!$C$3:$F$35,3,FALSE),0) -> 0 | K30: =IFERROR(VLOOKUP(D30,'UCL WS'!$C$3:$F$35,4,FALSE),0) -> 0 | L30: =IFERROR(J30/I30,0) -> 0 | M30: =IFERROR(VLOOKUP(D30,'UCL SS 2ed'!$C$3:$F$50,2,FALSE),0) -> 1 | N30: =IFERROR(VLOOKUP(D30,'UCL SS 2ed'!$C$3:$F$50,3,FALSE),0) -> 0 | O30: =IFERROR(VLOOKUP(D30,'UCL SS 2ed'!$C$3:$F$50,4,FALSE),0) -> 1 | P30: =IFERROR(N30/M30,0) -> 0 | Q30: =+_xlfn.XLOOKUP(D30,'UCL WS 2ed'!$C$3:$C$37,'UCL WS 2ed'!$D$3:$D$37,0,0) -> 5 | R30: =+_xlfn.XLOOKUP(D30,'UCL WS 2ed'!$C$3:$C$37,'UCL WS 2ed'!$E$3:$E$37,0,0) -> 1 | S30: =+_xlfn.XLOOKUP(D30,'UCL WS 2ed'!$C$3:$C$37,'UCL WS 2ed'!$F$3:$F$37,0) -> 4 | T30: =IFERROR(R30/Q30,0) -> 0.2 | U30: =IFERROR(VLOOKUP(D30,'UCL SS 3ed'!$C$3:$F$24,2,FALSE),0) -> 0 | V30: =IFERROR(VLOOKUP(D30,'UCL SS 3ed'!$C$3:$F$24,3,FALSE),0) -> 0 | W30: =IFERROR(VLOOKUP(D30,'UCL SS 3ed'!$C$3:$F$24,4,FALSE),0) -> 0 | X30: =IFERROR(V30/U30,0) -> 0 | Y30: =E30+I30+M30+Q30+U30 -> 6 | Z30: =F30+J30+N30+R30+V30 -> 1 | AA30: =G30+K30+O30+S30+W30 -> 5 | AB30: =Z30/Y30 -> 0.16666667
B31: 26 | D31: Anke | E31: =IFERROR((VLOOKUP(D31,'UCL SS'!$C$3:$D$31,2,FALSE)),0) -> 0 | F31: =IFERROR(VLOOKUP(D31,'UCL SS'!$C$3:$E$31,3,FALSE),0) -> 0 | G31: =IFERROR(VLOOKUP(D31,'UCL SS'!$C$3:$F$31,4,FALSE),0) -> 0 | H31: =IFERROR(F31/E31,0) -> 0 | I31: =IFERROR(VLOOKUP(D31,'UCL WS'!$C$3:$F$35,2,FALSE),0) -> 0 | J31: =IFERROR(VLOOKUP(D31,'UCL WS'!$C$3:$F$35,3,FALSE),0) -> 0 | K31: =IFERROR(VLOOKUP(D31,'UCL WS'!$C$3:$F$35,4,FALSE),0) -> 0 | L31: =IFERROR(J31/I31,0) -> 0 | M31: =IFERROR(VLOOKUP(D31,'UCL SS 2ed'!$C$3:$F$50,2,FALSE),0) -> 0 | N31: =IFERROR(VLOOKUP(D31,'UCL SS 2ed'!$C$3:$F$50,3,FALSE),0) -> 0 | O31: =IFERROR(VLOOKUP(D31,'UCL SS 2ed'!$C$3:$F$50,4,FALSE),0) -> 0 | P31: =IFERROR(N31/M31,0) -> 0 | Q31: =+_xlfn.XLOOKUP(D31,'UCL WS 2ed'!$C$3:$C$37,'UCL WS 2ed'!$D$3:$D$37,0,0) -> 4 | R31: =+_xlfn.XLOOKUP(D31,'UCL WS 2ed'!$C$3:$C$37,'UCL WS 2ed'!$E$3:$E$37,0,0) -> 3 | S31: =+_xlfn.XLOOKUP(D31,'UCL WS 2ed'!$C$3:$C$37,'UCL WS 2ed'!$F$3:$F$37,0) -> 1 | T31: =IFERROR(R31/Q31,0) -> 0.75 | U31: =IFERROR(VLOOKUP(D31,'UCL SS 3ed'!$C$3:$F$24,2,FALSE),0) -> 2 | V31: =IFERROR(VLOOKUP(D31,'UCL SS 3ed'!$C$3:$F$24,3,FALSE),0) -> 1 | W31: =IFERROR(VLOOKUP(D31,'UCL SS 3ed'!$C$3:$F$24,4,FALSE),0) -> 1 | X31: =IFERROR(V31/U31,0) -> 0.5 | Y31: =E31+I31+M31+Q31+U31 -> 6 | Z31: =F31+J31+N31+R31+V31 -> 4 | AA31: =G31+K31+O31+S31+W31 -> 2 | AB31: =Z31/Y31 -> 0.66666667
B32: 28 | C32: Francisco Sá | D32: Xico Sá | E32: =IFERROR((VLOOKUP(D32,'UCL SS'!$C$3:$D$31,2,FALSE)),0) -> 0 | F32: =IFERROR(VLOOKUP(D32,'UCL SS'!$C$3:$E$31,3,FALSE),0) -> 0 | G32: =IFERROR(VLOOKUP(D32,'UCL SS'!$C$3:$F$31,4,FALSE),0) -> 0 | H32: =IFERROR(F32/E32,0) -> 0 | I32: =IFERROR(VLOOKUP(D32,'UCL WS'!$C$3:$F$35,2,FALSE),0) -> 5 | J32: =IFERROR(VLOOKUP(D32,'UCL WS'!$C$3:$F$35,3,FALSE),0) -> 2 | K32: =IFERROR(VLOOKUP(D32,'UCL WS'!$C$3:$F$35,4,FALSE),0) -> 3 | L32: =IFERROR(J32/I32,0) -> 0.4 | M32: =IFERROR(VLOOKUP(D32,'UCL SS 2ed'!$C$3:$F$50,2,FALSE),0) -> 0 | N32: =IFERROR(VLOOKUP(D32,'UCL SS 2ed'!$C$3:$F$50,3,FALSE),0) -> 0 | O32: =IFERROR(VLOOKUP(D32,'UCL SS 2ed'!$C$3:$F$50,4,FALSE),0) -> 0 | P32: =IFERROR(N32/M32,0) -> 0 | Q32: =+_xlfn.XLOOKUP(D32,'UCL WS 2ed'!$C$3:$C$37,'UCL WS 2ed'!$D$3:$D$37,0,0) -> 0 | R32: =+_xlfn.XLOOKUP(D32,'UCL WS 2ed'!$C$3:$C$37,'UCL WS 2ed'!$E$3:$E$37,0,0) -> 0 | S32: =+_xlfn.XLOOKUP(D32,'UCL WS 2ed'!$C$3:$C$37,'UCL WS 2ed'!$F$3:$F$37,0) -> 0 | T32: =IFERROR(R32/Q32,0) -> 0 | U32: =IFERROR(VLOOKUP(D32,'UCL SS 3ed'!$C$3:$F$24,2,FALSE),0) -> 0 | V32: =IFERROR(VLOOKUP(D32,'UCL SS 3ed'!$C$3:$F$24,3,FALSE),0) -> 0 | W32: =IFERROR(VLOOKUP(D32,'UCL SS 3ed'!$C$3:$F$24,4,FALSE),0) -> 0 | X32: =IFERROR(V32/U32,0) -> 0 | Y32: =E32+I32+M32+Q32+U32 -> 5 | Z32: =F32+J32+N32+R32+V32 -> 2 | AA32: =G32+K32+O32+S32+W32 -> 3 | AB32: =Z32/Y32 -> 0.4 | AC32: Trabalho
B33: 28 | C33: Diogo Canito | D33: Canito | E33: =IFERROR((VLOOKUP(D33,'UCL SS'!$C$3:$D$31,2,FALSE)),0) -> 0 | F33: =IFERROR(VLOOKUP(D33,'UCL SS'!$C$3:$E$31,3,FALSE),0) -> 0 | G33: =IFERROR(VLOOKUP(D33,'UCL SS'!$C$3:$F$31,4,FALSE),0) -> 0 | H33: =IFERROR(F33/E33,0) -> 0 | I33: =IFERROR(VLOOKUP(D33,'UCL WS'!$C$3:$F$35,2,FALSE),0) -> 0 | J33: =IFERROR(VLOOKUP(D33,'UCL WS'!$C$3:$F$35,3,FALSE),0) -> 0 | K33: =IFERROR(VLOOKUP(D33,'UCL WS'!$C$3:$F$35,4,FALSE),0) -> 0 | L33: =IFERROR(J33/I33,0) -> 0 | M33: =IFERROR(VLOOKUP(D33,'UCL SS 2ed'!$C$3:$F$50,2,FALSE),0) -> 0 | N33: =IFERROR(VLOOKUP(D33,'UCL SS 2ed'!$C$3:$F$50,3,FALSE),0) -> 0 | O33: =IFERROR(VLOOKUP(D33,'UCL SS 2ed'!$C$3:$F$50,4,FALSE),0) -> 0 | P33: =IFERROR(N33/M33,0) -> 0 | Q33: =+_xlfn.XLOOKUP(D33,'UCL WS 2ed'!$C$3:$C$37,'UCL WS 2ed'!$D$3:$D$37,0,0) -> 5 | R33: =+_xlfn.XLOOKUP(D33,'UCL WS 2ed'!$C$3:$C$37,'UCL WS 2ed'!$E$3:$E$37,0,0) -> 5 | S33: =+_xlfn.XLOOKUP(D33,'UCL WS 2ed'!$C$3:$C$37,'UCL WS 2ed'!$F$3:$F$37,0) -> 0 | T33: =IFERROR(R33/Q33,0) -> 1 | U33: =IFERROR(VLOOKUP(D33,'UCL SS 3ed'!$C$3:$F$24,2,FALSE),0) -> 0 | V33: =IFERROR(VLOOKUP(D33,'UCL SS 3ed'!$C$3:$F$24,3,FALSE),0) -> 0 | W33: =IFERROR(VLOOKUP(D33,'UCL SS 3ed'!$C$3:$F$24,4,FALSE),0) -> 0 | X33: =IFERROR(V33/U33,0) -> 0 | Y33: =E33+I33+M33+Q33+U33 -> 5 | Z33: =F33+J33+N33+R33+V33 -> 5 | AA33: =G33+K33+O33+S33+W33 -> 0 | AB33: =Z33/Y33 -> 1
B34: 28 | C34: Pedro Gomes | D34: Jonas | E34: =IFERROR((VLOOKUP(D34,'UCL SS'!$C$3:$D$31,2,FALSE)),0) -> 0 | F34: =IFERROR(VLOOKUP(D34,'UCL SS'!$C$3:$E$31,3,FALSE),0) -> 0 | G34: =IFERROR(VLOOKUP(D34,'UCL SS'!$C$3:$F$31,4,FALSE),0) -> 0 | H34: =IFERROR(F34/E34,0) -> 0 | I34: =IFERROR(VLOOKUP(D34,'UCL WS'!$C$3:$F$35,2,FALSE),0) -> 0 | J34: =IFERROR(VLOOKUP(D34,'UCL WS'!$C$3:$F$35,3,FALSE),0) -> 0 | K34: =IFERROR(VLOOKUP(D34,'UCL WS'!$C$3:$F$35,4,FALSE),0) -> 0 | L34: =IFERROR(J34/I34,0) -> 0 | M34: =IFERROR(VLOOKUP(D34,'UCL SS 2ed'!$C$3:$F$50,2,FALSE),0) -> 3 | N34: =IFERROR(VLOOKUP(D34,'UCL SS 2ed'!$C$3:$F$50,3,FALSE),0) -> 2 | O34: =IFERROR(VLOOKUP(D34,'UCL SS 2ed'!$C$3:$F$50,4,FALSE),0) -> 1 | P34: =IFERROR(N34/M34,0) -> 0.66666667 | Q34: =+_xlfn.XLOOKUP(D34,'UCL WS 2ed'!$C$3:$C$37,'UCL WS 2ed'!$D$3:$D$37,0,0) -> 2 | R34: =+_xlfn.XLOOKUP(D34,'UCL WS 2ed'!$C$3:$C$37,'UCL WS 2ed'!$E$3:$E$37,0,0) -> 0 | S34: =+_xlfn.XLOOKUP(D34,'UCL WS 2ed'!$C$3:$C$37,'UCL WS 2ed'!$F$3:$F$37,0) -> 2 | T34: =IFERROR(R34/Q34,0) -> 0 | U34: =IFERROR(VLOOKUP(D34,'UCL SS 3ed'!$C$3:$F$24,2,FALSE),0) -> 0 | V34: =IFERROR(VLOOKUP(D34,'UCL SS 3ed'!$C$3:$F$24,3,FALSE),0) -> 0 | W34: =IFERROR(VLOOKUP(D34,'UCL SS 3ed'!$C$3:$F$24,4,FALSE),0) -> 0 | X34: =IFERROR(V34/U34,0) -> 0 | Y34: =E34+I34+M34+Q34+U34 -> 5 | Z34: =F34+J34+N34+R34+V34 -> 2 | AA34: =G34+K34+O34+S34+W34 -> 3 | AB34: =Z34/Y34 -> 0.4 | AC34: China em junho
B35: 28 | C35: Diogo Castro | D35: Castro | E35: =IFERROR((VLOOKUP(D35,'UCL SS'!$C$3:$D$31,2,FALSE)),0) -> 0 | F35: =IFERROR(VLOOKUP(D35,'UCL SS'!$C$3:$E$31,3,FALSE),0) -> 0 | G35: =IFERROR(VLOOKUP(D35,'UCL SS'!$C$3:$F$31,4,FALSE),0) -> 0 | H35: =IFERROR(F35/E35,0) -> 0 | I35: =IFERROR(VLOOKUP(D35,'UCL WS'!$C$3:$F$35,2,FALSE),0) -> 0 | J35: =IFERROR(VLOOKUP(D35,'UCL WS'!$C$3:$F$35,3,FALSE),0) -> 0 | K35: =IFERROR(VLOOKUP(D35,'UCL WS'!$C$3:$F$35,4,FALSE),0) -> 0 | L35: =IFERROR(J35/I35,0) -> 0 | M35: =IFERROR(VLOOKUP(D35,'UCL SS 2ed'!$C$3:$F$50,2,FALSE),0) -> 1 | N35: =IFERROR(VLOOKUP(D35,'UCL SS 2ed'!$C$3:$F$50,3,FALSE),0) -> 0 | O35: =IFERROR(VLOOKUP(D35,'UCL SS 2ed'!$C$3:$F$50,4,FALSE),0) -> 1 | P35: =IFERROR(N35/M35,0) -> 0 | Q35: =+_xlfn.XLOOKUP(D35,'UCL WS 2ed'!$C$3:$C$37,'UCL WS 2ed'!$D$3:$D$37,0,0) -> 3 | R35: =+_xlfn.XLOOKUP(D35,'UCL WS 2ed'!$C$3:$C$37,'UCL WS 2ed'!$E$3:$E$37,0,0) -> 1 | S35: =+_xlfn.XLOOKUP(D35,'UCL WS 2ed'!$C$3:$C$37,'UCL WS 2ed'!$F$3:$F$37,0) -> 2 | T35: =IFERROR(R35/Q35,0) -> 0.33333333 | U35: =IFERROR(VLOOKUP(D35,'UCL SS 3ed'!$C$3:$F$24,2,FALSE),0) -> 1 | V35: =IFERROR(VLOOKUP(D35,'UCL SS 3ed'!$C$3:$F$24,3,FALSE),0) -> 1 | W35: =IFERROR(VLOOKUP(D35,'UCL SS 3ed'!$C$3:$F$24,4,FALSE),0) -> 0 | X35: =IFERROR(V35/U35,0) -> 1 | Y35: =E35+I35+M35+Q35+U35 -> 5 | Z35: =F35+J35+N35+R35+V35 -> 2 | AA35: =G35+K35+O35+S35+W35 -> 3 | AB35: =Z35/Y35 -> 0.4
B36: 32 | C36: Pedro Miranda | D36: Miranda | E36: =IFERROR((VLOOKUP(D36,'UCL SS'!$C$3:$D$31,2,FALSE)),0) -> 2 | F36: =IFERROR(VLOOKUP(D36,'UCL SS'!$C$3:$E$31,3,FALSE),0) -> 1 | G36: =IFERROR(VLOOKUP(D36,'UCL SS'!$C$3:$F$31,4,FALSE),0) -> 1 | H36: =IFERROR(F36/E36,0) -> 0.5 | I36: =IFERROR(VLOOKUP(D36,'UCL WS'!$C$3:$F$35,2,FALSE),0) -> 0 | J36: =IFERROR(VLOOKUP(D36,'UCL WS'!$C$3:$F$35,3,FALSE),0) -> 0 | K36: =IFERROR(VLOOKUP(D36,'UCL WS'!$C$3:$F$35,4,FALSE),0) -> 0 | L36: =IFERROR(J36/I36,0) -> 0 | M36: =IFERROR(VLOOKUP(D36,'UCL SS 2ed'!$C$3:$F$50,2,FALSE),0) -> 2 | N36: =IFERROR(VLOOKUP(D36,'UCL SS 2ed'!$C$3:$F$50,3,FALSE),0) -> 1 | O36: =IFERROR(VLOOKUP(D36,'UCL SS 2ed'!$C$3:$F$50,4,FALSE),0) -> 1 | P36: =IFERROR(N36/M36,0) -> 0.5 | Q36: =+_xlfn.XLOOKUP(D36,'UCL WS 2ed'!$C$3:$C$37,'UCL WS 2ed'!$D$3:$D$37,0,0) -> 0 | R36: =+_xlfn.XLOOKUP(D36,'UCL WS 2ed'!$C$3:$C$37,'UCL WS 2ed'!$E$3:$E$37,0,0) -> 0 | S36: =+_xlfn.XLOOKUP(D36,'UCL WS 2ed'!$C$3:$C$37,'UCL WS 2ed'!$F$3:$F$37,0) -> 0 | T36: =IFERROR(R36/Q36,0) -> 0 | U36: =IFERROR(VLOOKUP(D36,'UCL SS 3ed'!$C$3:$F$24,2,FALSE),0) -> 0 | V36: =IFERROR(VLOOKUP(D36,'UCL SS 3ed'!$C$3:$F$24,3,FALSE),0) -> 0 | W36: =IFERROR(VLOOKUP(D36,'UCL SS 3ed'!$C$3:$F$24,4,FALSE),0) -> 0 | X36: =IFERROR(V36/U36,0) -> 0 | Y36: =E36+I36+M36+Q36+U36 -> 4 | Z36: =F36+J36+N36+R36+V36 -> 2 | AA36: =G36+K36+O36+S36+W36 -> 2 | AB36: =Z36/Y36 -> 0.5 | AC36: China em junho
B37: 32 | C37: Tiago Capela | D37: Capela Jr | E37: =IFERROR((VLOOKUP(D37,'UCL SS'!$C$3:$D$31,2,FALSE)),0) -> 0 | F37: =IFERROR(VLOOKUP(D37,'UCL SS'!$C$3:$E$31,3,FALSE),0) -> 0 | G37: =IFERROR(VLOOKUP(D37,'UCL SS'!$C$3:$F$31,4,FALSE),0) -> 0 | H37: =IFERROR(F37/E37,0) -> 0 | I37: =IFERROR(VLOOKUP(D37,'UCL WS'!$C$3:$F$35,2,FALSE),0) -> 0 | J37: =IFERROR(VLOOKUP(D37,'UCL WS'!$C$3:$F$35,3,FALSE),0) -> 0 | K37: =IFERROR(VLOOKUP(D37,'UCL WS'!$C$3:$F$35,4,FALSE),0) -> 0 | L37: =IFERROR(J37/I37,0) -> 0 | M37: =IFERROR(VLOOKUP(D37,'UCL SS 2ed'!$C$3:$F$50,2,FALSE),0) -> 3 | N37: =IFERROR(VLOOKUP(D37,'UCL SS 2ed'!$C$3:$F$50,3,FALSE),0) -> 0 | O37: =IFERROR(VLOOKUP(D37,'UCL SS 2ed'!$C$3:$F$50,4,FALSE),0) -> 3 | P37: =IFERROR(N37/M37,0) -> 0 | Q37: =+_xlfn.XLOOKUP(D37,'UCL WS 2ed'!$C$3:$C$37,'UCL WS 2ed'!$D$3:$D$37,0,0) -> 1 | R37: =+_xlfn.XLOOKUP(D37,'UCL WS 2ed'!$C$3:$C$37,'UCL WS 2ed'!$E$3:$E$37,0,0) -> 1 | S37: =+_xlfn.XLOOKUP(D37,'UCL WS 2ed'!$C$3:$C$37,'UCL WS 2ed'!$F$3:$F$37,0) -> 0 | T37: =IFERROR(R37/Q37,0) -> 1 | U37: =IFERROR(VLOOKUP(D37,'UCL SS 3ed'!$C$3:$F$24,2,FALSE),0) -> 0 | V37: =IFERROR(VLOOKUP(D37,'UCL SS 3ed'!$C$3:$F$24,3,FALSE),0) -> 0 | W37: =IFERROR(VLOOKUP(D37,'UCL SS 3ed'!$C$3:$F$24,4,FALSE),0) -> 0 | X37: =IFERROR(V37/U37,0) -> 0 | Y37: =E37+I37+M37+Q37+U37 -> 4 | Z37: =F37+J37+N37+R37+V37 -> 1 | AA37: =G37+K37+O37+S37+W37 -> 3 | AB37: =Z37/Y37 -> 0.25 | AC37: Aulas
B38: 32 | C38: Tiago Cabreira | D38: Cabreira | E38: =IFERROR((VLOOKUP(D38,'UCL SS'!$C$3:$D$31,2,FALSE)),0) -> 0 | F38: =IFERROR(VLOOKUP(D38,'UCL SS'!$C$3:$E$31,3,FALSE),0) -> 0 | G38: =IFERROR(VLOOKUP(D38,'UCL SS'!$C$3:$F$31,4,FALSE),0) -> 0 | H38: =IFERROR(F38/E38,0) -> 0 | I38: =IFERROR(VLOOKUP(D38,'UCL WS'!$C$3:$F$35,2,FALSE),0) -> 0 | J38: =IFERROR(VLOOKUP(D38,'UCL WS'!$C$3:$F$35,3,FALSE),0) -> 0 | K38: =IFERROR(VLOOKUP(D38,'UCL WS'!$C$3:$F$35,4,FALSE),0) -> 0 | L38: =IFERROR(J38/I38,0) -> 0 | M38: =IFERROR(VLOOKUP(D38,'UCL SS 2ed'!$C$3:$F$50,2,FALSE),0) -> 0 | N38: =IFERROR(VLOOKUP(D38,'UCL SS 2ed'!$C$3:$F$50,3,FALSE),0) -> 0 | O38: =IFERROR(VLOOKUP(D38,'UCL SS 2ed'!$C$3:$F$50,4,FALSE),0) -> 0 | P38: =IFERROR(N38/M38,0) -> 0 | Q38: =+_xlfn.XLOOKUP(D38,'UCL WS 2ed'!$C$3:$C$37,'UCL WS 2ed'!$D$3:$D$37,0,0) -> 4 | R38: =+_xlfn.XLOOKUP(D38,'UCL WS 2ed'!$C$3:$C$37,'UCL WS 2ed'!$E$3:$E$37,0,0) -> 1 | S38: =+_xlfn.XLOOKUP(D38,'UCL WS 2ed'!$C$3:$C$37,'UCL WS 2ed'!$F$3:$F$37,0) -> 3 | T38: =IFERROR(R38/Q38,0) -> 0.25 | U38: =IFERROR(VLOOKUP(D38,'UCL SS 3ed'!$C$3:$F$24,2,FALSE),0) -> 0 | V38: =IFERROR(VLOOKUP(D38,'UCL SS 3ed'!$C$3:$F$24,3,FALSE),0) -> 0 | W38: =IFERROR(VLOOKUP(D38,'UCL SS 3ed'!$C$3:$F$24,4,FALSE),0) -> 0 | X38: =IFERROR(V38/U38,0) -> 0 | Y38: =E38+I38+M38+Q38+U38 -> 4 | Z38: =F38+J38+N38+R38+V38 -> 1 | AA38: =G38+K38+O38+S38+W38 -> 3 | AB38: =Z38/Y38 -> 0.25
B39: 35 | C39: Bruno Silva | D39: Bruno | E39: =IFERROR((VLOOKUP(D39,'UCL SS'!$C$3:$D$31,2,FALSE)),0) -> 2 | F39: =IFERROR(VLOOKUP(D39,'UCL SS'!$C$3:$E$31,3,FALSE),0) -> 0 | G39: =IFERROR(VLOOKUP(D39,'UCL SS'!$C$3:$F$31,4,FALSE),0) -> 2 | H39: =IFERROR(F39/E39,0) -> 0 | I39: =IFERROR(VLOOKUP(D39,'UCL WS'!$C$3:$F$35,2,FALSE),0) -> 1 | J39: =IFERROR(VLOOKUP(D39,'UCL WS'!$C$3:$F$35,3,FALSE),0) -> 1 | K39: =IFERROR(VLOOKUP(D39,'UCL WS'!$C$3:$F$35,4,FALSE),0) -> 0 | L39: =IFERROR(J39/I39,0) -> 1 | M39: =IFERROR(VLOOKUP(D39,'UCL SS 2ed'!$C$3:$F$50,2,FALSE),0) -> 0 | N39: =IFERROR(VLOOKUP(D39,'UCL SS 2ed'!$C$3:$F$50,3,FALSE),0) -> 0 | O39: =IFERROR(VLOOKUP(D39,'UCL SS 2ed'!$C$3:$F$50,4,FALSE),0) -> 0 | P39: =IFERROR(N39/M39,0) -> 0 | Q39: =+_xlfn.XLOOKUP(D39,'UCL WS 2ed'!$C$3:$C$37,'UCL WS 2ed'!$D$3:$D$37,0,0) -> 0 | R39: =+_xlfn.XLOOKUP(D39,'UCL WS 2ed'!$C$3:$C$37,'UCL WS 2ed'!$E$3:$E$37,0,0) -> 0 | S39: =+_xlfn.XLOOKUP(D39,'UCL WS 2ed'!$C$3:$C$37,'UCL WS 2ed'!$F$3:$F$37,0) -> 0 | T39: =IFERROR(R39/Q39,0) -> 0 | U39: =IFERROR(VLOOKUP(D39,'UCL SS 3ed'!$C$3:$F$24,2,FALSE),0) -> 0 | V39: =IFERROR(VLOOKUP(D39,'UCL SS 3ed'!$C$3:$F$24,3,FALSE),0) -> 0 | W39: =IFERROR(VLOOKUP(D39,'UCL SS 3ed'!$C$3:$F$24,4,FALSE),0) -> 0 | X39: =IFERROR(V39/U39,0) -> 0 | Y39: =E39+I39+M39+Q39+U39 -> 3 | Z39: =F39+J39+N39+R39+V39 -> 1 | AA39: =G39+K39+O39+S39+W39 -> 2 | AB39: =Z39/Y39 -> 0.33333333 | AC39: Luxemburgo até ao fim do ano
B40: 35 | C40: Fernando | D40: Nando | E40: =IFERROR((VLOOKUP(D40,'UCL SS'!$C$3:$D$31,2,FALSE)),0) -> 0 | F40: =IFERROR(VLOOKUP(D40,'UCL SS'!$C$3:$E$31,3,FALSE),0) -> 0 | G40: =IFERROR(VLOOKUP(D40,'UCL SS'!$C$3:$F$31,4,FALSE),0) -> 0 | H40: =IFERROR(F40/E40,0) -> 0 | I40: =IFERROR(VLOOKUP(D40,'UCL WS'!$C$3:$F$35,2,FALSE),0) -> 3 | J40: =IFERROR(VLOOKUP(D40,'UCL WS'!$C$3:$F$35,3,FALSE),0) -> 0 | K40: =IFERROR(VLOOKUP(D40,'UCL WS'!$C$3:$F$35,4,FALSE),0) -> 3 | L40: =IFERROR(J40/I40,0) -> 0 | M40: =IFERROR(VLOOKUP(D40,'UCL SS 2ed'!$C$3:$F$50,2,FALSE),0) -> 0 | N40: =IFERROR(VLOOKUP(D40,'UCL SS 2ed'!$C$3:$F$50,3,FALSE),0) -> 0 | O40: =IFERROR(VLOOKUP(D40,'UCL SS 2ed'!$C$3:$F$50,4,FALSE),0) -> 0 | P40: =IFERROR(N40/M40,0) -> 0 | Q40: =+_xlfn.XLOOKUP(D40,'UCL WS 2ed'!$C$3:$C$37,'UCL WS 2ed'!$D$3:$D$37,0,0) -> 0 | R40: =+_xlfn.XLOOKUP(D40,'UCL WS 2ed'!$C$3:$C$37,'UCL WS 2ed'!$E$3:$E$37,0,0) -> 0 | S40: =+_xlfn.XLOOKUP(D40,'UCL WS 2ed'!$C$3:$C$37,'UCL WS 2ed'!$F$3:$F$37,0) -> 0 | T40: =IFERROR(R40/Q40,0) -> 0 | U40: =IFERROR(VLOOKUP(D40,'UCL SS 3ed'!$C$3:$F$24,2,FALSE),0) -> 0 | V40: =IFERROR(VLOOKUP(D40,'UCL SS 3ed'!$C$3:$F$24,3,FALSE),0) -> 0 | W40: =IFERROR(VLOOKUP(D40,'UCL SS 3ed'!$C$3:$F$24,4,FALSE),0) -> 0 | X40: =IFERROR(V40/U40,0) -> 0 | Y40: =E40+I40+M40+Q40+U40 -> 3 | Z40: =F40+J40+N40+R40+V40 -> 0 | AA40: =G40+K40+O40+S40+W40 -> 3 | AB40: =Z40/Y40 -> 0
B41: 35 | C41: Filipe Gomes | D41: Mini | E41: =IFERROR((VLOOKUP(D41,'UCL SS'!$C$3:$D$31,2,FALSE)),0) -> 0 | F41: =IFERROR(VLOOKUP(D41,'UCL SS'!$C$3:$E$31,3,FALSE),0) -> 0 | G41: =IFERROR(VLOOKUP(D41,'UCL SS'!$C$3:$F$31,4,FALSE),0) -> 0 | H41: =IFERROR(F41/E41,0) -> 0 | I41: =IFERROR(VLOOKUP(D41,'UCL WS'!$C$3:$F$35,2,FALSE),0) -> 3 | J41: =IFERROR(VLOOKUP(D41,'UCL WS'!$C$3:$F$35,3,FALSE),0) -> 2 | K41: =IFERROR(VLOOKUP(D41,'UCL WS'!$C$3:$F$35,4,FALSE),0) -> 1 | L41: =IFERROR(J41/I41,0) -> 0.66666667 | M41: =IFERROR(VLOOKUP(D41,'UCL SS 2ed'!$C$3:$F$50,2,FALSE),0) -> 0 | N41: =IFERROR(VLOOKUP(D41,'UCL SS 2ed'!$C$3:$F$50,3,FALSE),0) -> 0 | O41: =IFERROR(VLOOKUP(D41,'UCL SS 2ed'!$C$3:$F$50,4,FALSE),0) -> 0 | P41: =IFERROR(N41/M41,0) -> 0 | Q41: =+_xlfn.XLOOKUP(D41,'UCL WS 2ed'!$C$3:$C$37,'UCL WS 2ed'!$D$3:$D$37,0,0) -> 0 | R41: =+_xlfn.XLOOKUP(D41,'UCL WS 2ed'!$C$3:$C$37,'UCL WS 2ed'!$E$3:$E$37,0,0) -> 0 | S41: =+_xlfn.XLOOKUP(D41,'UCL WS 2ed'!$C$3:$C$37,'UCL WS 2ed'!$F$3:$F$37,0) -> 0 | T41: =IFERROR(R41/Q41,0) -> 0 | U41: =IFERROR(VLOOKUP(D41,'UCL SS 3ed'!$C$3:$F$24,2,FALSE),0) -> 0 | V41: =IFERROR(VLOOKUP(D41,'UCL SS 3ed'!$C$3:$F$24,3,FALSE),0) -> 0 | W41: =IFERROR(VLOOKUP(D41,'UCL SS 3ed'!$C$3:$F$24,4,FALSE),0) -> 0 | X41: =IFERROR(V41/U41,0) -> 0 | Y41: =E41+I41+M41+Q41+U41 -> 3 | Z41: =F41+J41+N41+R41+V41 -> 2 | AA41: =G41+K41+O41+S41+W41 -> 1 | AB41: =Z41/Y41 -> 0.66666667
B42: 35 | C42: Tiago Lima | D42: Lima | E42: =IFERROR((VLOOKUP(D42,'UCL SS'!$C$3:$D$31,2,FALSE)),0) -> 0 | F42: =IFERROR(VLOOKUP(D42,'UCL SS'!$C$3:$E$31,3,FALSE),0) -> 0 | G42: =IFERROR(VLOOKUP(D42,'UCL SS'!$C$3:$F$31,4,FALSE),0) -> 0 | H42: =IFERROR(F42/E42,0) -> 0 | I42: =IFERROR(VLOOKUP(D42,'UCL WS'!$C$3:$F$35,2,FALSE),0) -> 1 | J42: =IFERROR(VLOOKUP(D42,'UCL WS'!$C$3:$F$35,3,FALSE),0) -> 0 | K42: =IFERROR(VLOOKUP(D42,'UCL WS'!$C$3:$F$35,4,FALSE),0) -> 1 | L42: =IFERROR(J42/I42,0) -> 0 | M42: =IFERROR(VLOOKUP(D42,'UCL SS 2ed'!$C$3:$F$50,2,FALSE),0) -> 2 | N42: =IFERROR(VLOOKUP(D42,'UCL SS 2ed'!$C$3:$F$50,3,FALSE),0) -> 1 | O42: =IFERROR(VLOOKUP(D42,'UCL SS 2ed'!$C$3:$F$50,4,FALSE),0) -> 1 | P42: =IFERROR(N42/M42,0) -> 0.5 | Q42: =+_xlfn.XLOOKUP(D42,'UCL WS 2ed'!$C$3:$C$37,'UCL WS 2ed'!$D$3:$D$37,0,0) -> 0 | R42: =+_xlfn.XLOOKUP(D42,'UCL WS 2ed'!$C$3:$C$37,'UCL WS 2ed'!$E$3:$E$37,0,0) -> 0 | S42: =+_xlfn.XLOOKUP(D42,'UCL WS 2ed'!$C$3:$C$37,'UCL WS 2ed'!$F$3:$F$37,0) -> 0 | T42: =IFERROR(R42/Q42,0) -> 0 | U42: =IFERROR(VLOOKUP(D42,'UCL SS 3ed'!$C$3:$F$24,2,FALSE),0) -> 0 | V42: =IFERROR(VLOOKUP(D42,'UCL SS 3ed'!$C$3:$F$24,3,FALSE),0) -> 0 | W42: =IFERROR(VLOOKUP(D42,'UCL SS 3ed'!$C$3:$F$24,4,FALSE),0) -> 0 | X42: =IFERROR(V42/U42,0) -> 0 | Y42: =E42+I42+M42+Q42+U42 -> 3 | Z42: =F42+J42+N42+R42+V42 -> 1 | AA42: =G42+K42+O42+S42+W42 -> 2 | AB42: =Z42/Y42 -> 0.33333333
B43: 35 | C43: Daniel Marafona | D43: Mara | E43: =IFERROR((VLOOKUP(D43,'UCL SS'!$C$3:$D$31,2,FALSE)),0) -> 0 | F43: =IFERROR(VLOOKUP(D43,'UCL SS'!$C$3:$E$31,3,FALSE),0) -> 0 | G43: =IFERROR(VLOOKUP(D43,'UCL SS'!$C$3:$F$31,4,FALSE),0) -> 0 | H43: =IFERROR(F43/E43,0) -> 0 | I43: =IFERROR(VLOOKUP(D43,'UCL WS'!$C$3:$F$35,2,FALSE),0) -> 2 | J43: =IFERROR(VLOOKUP(D43,'UCL WS'!$C$3:$F$35,3,FALSE),0) -> 1 | K43: =IFERROR(VLOOKUP(D43,'UCL WS'!$C$3:$F$35,4,FALSE),0) -> 1 | L43: =IFERROR(J43/I43,0) -> 0.5 | M43: =IFERROR(VLOOKUP(D43,'UCL SS 2ed'!$C$3:$F$50,2,FALSE),0) -> 1 | N43: =IFERROR(VLOOKUP(D43,'UCL SS 2ed'!$C$3:$F$50,3,FALSE),0) -> 1 | O43: =IFERROR(VLOOKUP(D43,'UCL SS 2ed'!$C$3:$F$50,4,FALSE),0) -> 0 | P43: =IFERROR(N43/M43,0) -> 1 | Q43: =+_xlfn.XLOOKUP(D43,'UCL WS 2ed'!$C$3:$C$37,'UCL WS 2ed'!$D$3:$D$37,0,0) -> 0 | R43: =+_xlfn.XLOOKUP(D43,'UCL WS 2ed'!$C$3:$C$37,'UCL WS 2ed'!$E$3:$E$37,0,0) -> 0 | S43: =+_xlfn.XLOOKUP(D43,'UCL WS 2ed'!$C$3:$C$37,'UCL WS 2ed'!$F$3:$F$37,0) -> 0 | T43: =IFERROR(R43/Q43,0) -> 0 | U43: =IFERROR(VLOOKUP(D43,'UCL SS 3ed'!$C$3:$F$24,2,FALSE),0) -> 0 | V43: =IFERROR(VLOOKUP(D43,'UCL SS 3ed'!$C$3:$F$24,3,FALSE),0) -> 0 | W43: =IFERROR(VLOOKUP(D43,'UCL SS 3ed'!$C$3:$F$24,4,FALSE),0) -> 0 | X43: =IFERROR(V43/U43,0) -> 0 | Y43: =E43+I43+M43+Q43+U43 -> 3 | Z43: =F43+J43+N43+R43+V43 -> 2 | AA43: =G43+K43+O43+S43+W43 -> 1 | AB43: =Z43/Y43 -> 0.66666667
B44: 35 | C44: João Ramos | D44: Cona Torta | E44: =IFERROR((VLOOKUP(D44,'UCL SS'!$C$3:$D$31,2,FALSE)),0) -> 1 | F44: =IFERROR(VLOOKUP(D44,'UCL SS'!$C$3:$E$31,3,FALSE),0) -> 0 | G44: =IFERROR(VLOOKUP(D44,'UCL SS'!$C$3:$F$31,4,FALSE),0) -> 1 | H44: =IFERROR(F44/E44,0) -> 0 | I44: =IFERROR(VLOOKUP(D44,'UCL WS'!$C$3:$F$35,2,FALSE),0) -> 0 | J44: =IFERROR(VLOOKUP(D44,'UCL WS'!$C$3:$F$35,3,FALSE),0) -> 0 | K44: =IFERROR(VLOOKUP(D44,'UCL WS'!$C$3:$F$35,4,FALSE),0) -> 0 | L44: =IFERROR(J44/I44,0) -> 0 | M44: =IFERROR(VLOOKUP(D44,'UCL SS 2ed'!$C$3:$F$50,2,FALSE),0) -> 2 | N44: =IFERROR(VLOOKUP(D44,'UCL SS 2ed'!$C$3:$F$50,3,FALSE),0) -> 1 | O44: =IFERROR(VLOOKUP(D44,'UCL SS 2ed'!$C$3:$F$50,4,FALSE),0) -> 1 | P44: =IFERROR(N44/M44,0) -> 0.5 | Q44: =+_xlfn.XLOOKUP(D44,'UCL WS 2ed'!$C$3:$C$37,'UCL WS 2ed'!$D$3:$D$37,0,0) -> 0 | R44: =+_xlfn.XLOOKUP(D44,'UCL WS 2ed'!$C$3:$C$37,'UCL WS 2ed'!$E$3:$E$37,0,0) -> 0 | S44: =+_xlfn.XLOOKUP(D44,'UCL WS 2ed'!$C$3:$C$37,'UCL WS 2ed'!$F$3:$F$37,0) -> 0 | T44: =IFERROR(R44/Q44,0) -> 0 | U44: =IFERROR(VLOOKUP(D44,'UCL SS 3ed'!$C$3:$F$24,2,FALSE),0) -> 0 | V44: =IFERROR(VLOOKUP(D44,'UCL SS 3ed'!$C$3:$F$24,3,FALSE),0) -> 0 | W44: =IFERROR(VLOOKUP(D44,'UCL SS 3ed'!$C$3:$F$24,4,FALSE),0) -> 0 | X44: =IFERROR(V44/U44,0) -> 0 | Y44: =E44+I44+M44+Q44+U44 -> 3 | Z44: =F44+J44+N44+R44+V44 -> 1 | AA44: =G44+K44+O44+S44+W44 -> 2 | AB44: =Z44/Y44 -> 0.33333333
B45: 35 | C45: Bruno Cunha | D45: Bruno Cunha | E45: =IFERROR((VLOOKUP(D45,'UCL SS'!$C$3:$D$31,2,FALSE)),0) -> 0 | F45: =IFERROR(VLOOKUP(D45,'UCL SS'!$C$3:$E$31,3,FALSE),0) -> 0 | G45: =IFERROR(VLOOKUP(D45,'UCL SS'!$C$3:$F$31,4,FALSE),0) -> 0 | H45: =IFERROR(F45/E45,0) -> 0 | I45: =IFERROR(VLOOKUP(D45,'UCL WS'!$C$3:$F$35,2,FALSE),0) -> 0 | J45: =IFERROR(VLOOKUP(D45,'UCL WS'!$C$3:$F$35,3,FALSE),0) -> 0 | K45: =IFERROR(VLOOKUP(D45,'UCL WS'!$C$3:$F$35,4,FALSE),0) -> 0 | L45: =IFERROR(J45/I45,0) -> 0 | M45: =IFERROR(VLOOKUP(D45,'UCL SS 2ed'!$C$3:$F$50,2,FALSE),0) -> 1 | N45: =IFERROR(VLOOKUP(D45,'UCL SS 2ed'!$C$3:$F$50,3,FALSE),0) -> 0 | O45: =IFERROR(VLOOKUP(D45,'UCL SS 2ed'!$C$3:$F$50,4,FALSE),0) -> 1 | P45: =IFERROR(N45/M45,0) -> 0 | Q45: =+_xlfn.XLOOKUP(D45,'UCL WS 2ed'!$C$3:$C$37,'UCL WS 2ed'!$D$3:$D$37,0,0) -> 2 | R45: =+_xlfn.XLOOKUP(D45,'UCL WS 2ed'!$C$3:$C$37,'UCL WS 2ed'!$E$3:$E$37,0,0) -> 1 | S45: =+_xlfn.XLOOKUP(D45,'UCL WS 2ed'!$C$3:$C$37,'UCL WS 2ed'!$F$3:$F$37,0) -> 1 | T45: =IFERROR(R45/Q45,0) -> 0.5 | U45: =IFERROR(VLOOKUP(D45,'UCL SS 3ed'!$C$3:$F$24,2,FALSE),0) -> 0 | V45: =IFERROR(VLOOKUP(D45,'UCL SS 3ed'!$C$3:$F$24,3,FALSE),0) -> 0 | W45: =IFERROR(VLOOKUP(D45,'UCL SS 3ed'!$C$3:$F$24,4,FALSE),0) -> 0 | X45: =IFERROR(V45/U45,0) -> 0 | Y45: =E45+I45+M45+Q45+U45 -> 3 | Z45: =F45+J45+N45+R45+V45 -> 1 | AA45: =G45+K45+O45+S45+W45 -> 2 | AB45: =Z45/Y45 -> 0.33333333
B46: 42 | C46: José Costa | D46: Paralelo | E46: =IFERROR((VLOOKUP(D46,'UCL SS'!$C$3:$D$31,2,FALSE)),0) -> 0 | F46: =IFERROR(VLOOKUP(D46,'UCL SS'!$C$3:$E$31,3,FALSE),0) -> 0 | G46: =IFERROR(VLOOKUP(D46,'UCL SS'!$C$3:$F$31,4,FALSE),0) -> 0 | H46: =IFERROR(F46/E46,0) -> 0 | I46: =IFERROR(VLOOKUP(D46,'UCL WS'!$C$3:$F$35,2,FALSE),0) -> 2 | J46: =IFERROR(VLOOKUP(D46,'UCL WS'!$C$3:$F$35,3,FALSE),0) -> 0 | K46: =IFERROR(VLOOKUP(D46,'UCL WS'!$C$3:$F$35,4,FALSE),0) -> 2 | L46: =IFERROR(J46/I46,0) -> 0 | M46: =IFERROR(VLOOKUP(D46,'UCL SS 2ed'!$C$3:$F$50,2,FALSE),0) -> 0 | N46: =IFERROR(VLOOKUP(D46,'UCL SS 2ed'!$C$3:$F$50,3,FALSE),0) -> 0 | O46: =IFERROR(VLOOKUP(D46,'UCL SS 2ed'!$C$3:$F$50,4,FALSE),0) -> 0 | P46: =IFERROR(N46/M46,0) -> 0 | Q46: =+_xlfn.XLOOKUP(D46,'UCL WS 2ed'!$C$3:$C$37,'UCL WS 2ed'!$D$3:$D$37,0,0) -> 0 | R46: =+_xlfn.XLOOKUP(D46,'UCL WS 2ed'!$C$3:$C$37,'UCL WS 2ed'!$E$3:$E$37,0,0) -> 0 | S46: =+_xlfn.XLOOKUP(D46,'UCL WS 2ed'!$C$3:$C$37,'UCL WS 2ed'!$F$3:$F$37,0) -> 0 | T46: =IFERROR(R46/Q46,0) -> 0 | U46: =IFERROR(VLOOKUP(D46,'UCL SS 3ed'!$C$3:$F$24,2,FALSE),0) -> 0 | V46: =IFERROR(VLOOKUP(D46,'UCL SS 3ed'!$C$3:$F$24,3,FALSE),0) -> 0 | W46: =IFERROR(VLOOKUP(D46,'UCL SS 3ed'!$C$3:$F$24,4,FALSE),0) -> 0 | X46: =IFERROR(V46/U46,0) -> 0 | Y46: =E46+I46+M46+Q46+U46 -> 2 | Z46: =F46+J46+N46+R46+V46 -> 0 | AA46: =G46+K46+O46+S46+W46 -> 2 | AB46: =Z46/Y46 -> 0
B47: 42 | C47: Paulo Ferreira | D47: Paulo | E47: =IFERROR((VLOOKUP(D47,'UCL SS'!$C$3:$D$31,2,FALSE)),0) -> 0 | F47: =IFERROR(VLOOKUP(D47,'UCL SS'!$C$3:$E$31,3,FALSE),0) -> 0 | G47: =IFERROR(VLOOKUP(D47,'UCL SS'!$C$3:$F$31,4,FALSE),0) -> 0 | H47: =IFERROR(F47/E47,0) -> 0 | I47: =IFERROR(VLOOKUP(D47,'UCL WS'!$C$3:$F$35,2,FALSE),0) -> 0 | J47: =IFERROR(VLOOKUP(D47,'UCL WS'!$C$3:$F$35,3,FALSE),0) -> 0 | K47: =IFERROR(VLOOKUP(D47,'UCL WS'!$C$3:$F$35,4,FALSE),0) -> 0 | L47: =IFERROR(J47/I47,0) -> 0 | M47: =IFERROR(VLOOKUP(D47,'UCL SS 2ed'!$C$3:$F$50,2,FALSE),0) -> 2 | N47: =IFERROR(VLOOKUP(D47,'UCL SS 2ed'!$C$3:$F$50,3,FALSE),0) -> 1 | O47: =IFERROR(VLOOKUP(D47,'UCL SS 2ed'!$C$3:$F$50,4,FALSE),0) -> 1 | P47: =IFERROR(N47/M47,0) -> 0.5 | Q47: =+_xlfn.XLOOKUP(D47,'UCL WS 2ed'!$C$3:$C$37,'UCL WS 2ed'!$D$3:$D$37,0,0) -> 0 | R47: =+_xlfn.XLOOKUP(D47,'UCL WS 2ed'!$C$3:$C$37,'UCL WS 2ed'!$E$3:$E$37,0,0) -> 0 | S47: =+_xlfn.XLOOKUP(D47,'UCL WS 2ed'!$C$3:$C$37,'UCL WS 2ed'!$F$3:$F$37,0) -> 0 | T47: =IFERROR(R47/Q47,0) -> 0 | U47: =IFERROR(VLOOKUP(D47,'UCL SS 3ed'!$C$3:$F$24,2,FALSE),0) -> 0 | V47: =IFERROR(VLOOKUP(D47,'UCL SS 3ed'!$C$3:$F$24,3,FALSE),0) -> 0 | W47: =IFERROR(VLOOKUP(D47,'UCL SS 3ed'!$C$3:$F$24,4,FALSE),0) -> 0 | X47: =IFERROR(V47/U47,0) -> 0 | Y47: =E47+I47+M47+Q47+U47 -> 2 | Z47: =F47+J47+N47+R47+V47 -> 1 | AA47: =G47+K47+O47+S47+W47 -> 1 | AB47: =Z47/Y47 -> 0.5
B48: 42 | C48: Gonçalo Fernandes | D48: Gonças | E48: =IFERROR((VLOOKUP(D48,'UCL SS'!$C$3:$D$31,2,FALSE)),0) -> 0 | F48: =IFERROR(VLOOKUP(D48,'UCL SS'!$C$3:$E$31,3,FALSE),0) -> 0 | G48: =IFERROR(VLOOKUP(D48,'UCL SS'!$C$3:$F$31,4,FALSE),0) -> 0 | H48: =IFERROR(F48/E48,0) -> 0 | I48: =IFERROR(VLOOKUP(D48,'UCL WS'!$C$3:$F$35,2,FALSE),0) -> 0 | J48: =IFERROR(VLOOKUP(D48,'UCL WS'!$C$3:$F$35,3,FALSE),0) -> 0 | K48: =IFERROR(VLOOKUP(D48,'UCL WS'!$C$3:$F$35,4,FALSE),0) -> 0 | L48: =IFERROR(J48/I48,0) -> 0 | M48: =IFERROR(VLOOKUP(D48,'UCL SS 2ed'!$C$3:$F$50,2,FALSE),0) -> 2 | N48: =IFERROR(VLOOKUP(D48,'UCL SS 2ed'!$C$3:$F$50,3,FALSE),0) -> 2 | O48: =IFERROR(VLOOKUP(D48,'UCL SS 2ed'!$C$3:$F$50,4,FALSE),0) -> 0 | P48: =IFERROR(N48/M48,0) -> 1 | Q48: =+_xlfn.XLOOKUP(D48,'UCL WS 2ed'!$C$3:$C$37,'UCL WS 2ed'!$D$3:$D$37,0,0) -> 0 | R48: =+_xlfn.XLOOKUP(D48,'UCL WS 2ed'!$C$3:$C$37,'UCL WS 2ed'!$E$3:$E$37,0,0) -> 0 | S48: =+_xlfn.XLOOKUP(D48,'UCL WS 2ed'!$C$3:$C$37,'UCL WS 2ed'!$F$3:$F$37,0) -> 0 | T48: =IFERROR(R48/Q48,0) -> 0 | U48: =IFERROR(VLOOKUP(D48,'UCL SS 3ed'!$C$3:$F$24,2,FALSE),0) -> 0 | V48: =IFERROR(VLOOKUP(D48,'UCL SS 3ed'!$C$3:$F$24,3,FALSE),0) -> 0 | W48: =IFERROR(VLOOKUP(D48,'UCL SS 3ed'!$C$3:$F$24,4,FALSE),0) -> 0 | X48: =IFERROR(V48/U48,0) -> 0 | Y48: =E48+I48+M48+Q48+U48 -> 2 | Z48: =F48+J48+N48+R48+V48 -> 2 | AA48: =G48+K48+O48+S48+W48 -> 0 | AB48: =Z48/Y48 -> 1
B49: 42 | C49: Leonardo Domingos | D49: Leo | E49: =IFERROR((VLOOKUP(D49,'UCL SS'!$C$3:$D$31,2,FALSE)),0) -> 0 | F49: =IFERROR(VLOOKUP(D49,'UCL SS'!$C$3:$E$31,3,FALSE),0) -> 0 | G49: =IFERROR(VLOOKUP(D49,'UCL SS'!$C$3:$F$31,4,FALSE),0) -> 0 | H49: =IFERROR(F49/E49,0) -> 0 | I49: =IFERROR(VLOOKUP(D49,'UCL WS'!$C$3:$F$35,2,FALSE),0) -> 0 | J49: =IFERROR(VLOOKUP(D49,'UCL WS'!$C$3:$F$35,3,FALSE),0) -> 0 | K49: =IFERROR(VLOOKUP(D49,'UCL WS'!$C$3:$F$35,4,FALSE),0) -> 0 | L49: =IFERROR(J49/I49,0) -> 0 | M49: =IFERROR(VLOOKUP(D49,'UCL SS 2ed'!$C$3:$F$50,2,FALSE),0) -> 1 | N49: =IFERROR(VLOOKUP(D49,'UCL SS 2ed'!$C$3:$F$50,3,FALSE),0) -> 0 | O49: =IFERROR(VLOOKUP(D49,'UCL SS 2ed'!$C$3:$F$50,4,FALSE),0) -> 1 | P49: =IFERROR(N49/M49,0) -> 0 | Q49: =+_xlfn.XLOOKUP(D49,'UCL WS 2ed'!$C$3:$C$37,'UCL WS 2ed'!$D$3:$D$37,0,0) -> 1 | R49: =+_xlfn.XLOOKUP(D49,'UCL WS 2ed'!$C$3:$C$37,'UCL WS 2ed'!$E$3:$E$37,0,0) -> 0 | S49: =+_xlfn.XLOOKUP(D49,'UCL WS 2ed'!$C$3:$C$37,'UCL WS 2ed'!$F$3:$F$37,0) -> 1 | T49: =IFERROR(R49/Q49,0) -> 0 | U49: =IFERROR(VLOOKUP(D49,'UCL SS 3ed'!$C$3:$F$24,2,FALSE),0) -> 0 | V49: =IFERROR(VLOOKUP(D49,'UCL SS 3ed'!$C$3:$F$24,3,FALSE),0) -> 0 | W49: =IFERROR(VLOOKUP(D49,'UCL SS 3ed'!$C$3:$F$24,4,FALSE),0) -> 0 | X49: =IFERROR(V49/U49,0) -> 0 | Y49: =E49+I49+M49+Q49+U49 -> 2 | Z49: =F49+J49+N49+R49+V49 -> 0 | AA49: =G49+K49+O49+S49+W49 -> 2 | AB49: =Z49/Y49 -> 0
B50: 42 | C50: Ricardo Nunes | D50: Nunes | E50: =IFERROR((VLOOKUP(D50,'UCL SS'!$C$3:$D$31,2,FALSE)),0) -> 1 | F50: =IFERROR(VLOOKUP(D50,'UCL SS'!$C$3:$E$31,3,FALSE),0) -> 1 | G50: =IFERROR(VLOOKUP(D50,'UCL SS'!$C$3:$F$31,4,FALSE),0) -> 0 | H50: =IFERROR(F50/E50,0) -> 1 | I50: =IFERROR(VLOOKUP(D50,'UCL WS'!$C$3:$F$35,2,FALSE),0) -> 0 | J50: =IFERROR(VLOOKUP(D50,'UCL WS'!$C$3:$F$35,3,FALSE),0) -> 0 | K50: =IFERROR(VLOOKUP(D50,'UCL WS'!$C$3:$F$35,4,FALSE),0) -> 0 | L50: =IFERROR(J50/I50,0) -> 0 | M50: =IFERROR(VLOOKUP(D50,'UCL SS 2ed'!$C$3:$F$50,2,FALSE),0) -> 0 | N50: =IFERROR(VLOOKUP(D50,'UCL SS 2ed'!$C$3:$F$50,3,FALSE),0) -> 0 | O50: =IFERROR(VLOOKUP(D50,'UCL SS 2ed'!$C$3:$F$50,4,FALSE),0) -> 0 | P50: =IFERROR(N50/M50,0) -> 0 | Q50: =+_xlfn.XLOOKUP(D50,'UCL WS 2ed'!$C$3:$C$37,'UCL WS 2ed'!$D$3:$D$37,0,0) -> 1 | R50: =+_xlfn.XLOOKUP(D50,'UCL WS 2ed'!$C$3:$C$37,'UCL WS 2ed'!$E$3:$E$37,0,0) -> 0 | S50: =+_xlfn.XLOOKUP(D50,'UCL WS 2ed'!$C$3:$C$37,'UCL WS 2ed'!$F$3:$F$37,0) -> 1 | T50: =IFERROR(R50/Q50,0) -> 0 | U50: =IFERROR(VLOOKUP(D50,'UCL SS 3ed'!$C$3:$F$24,2,FALSE),0) -> 0 | V50: =IFERROR(VLOOKUP(D50,'UCL SS 3ed'!$C$3:$F$24,3,FALSE),0) -> 0 | W50: =IFERROR(VLOOKUP(D50,'UCL SS 3ed'!$C$3:$F$24,4,FALSE),0) -> 0 | X50: =IFERROR(V50/U50,0) -> 0 | Y50: =E50+I50+M50+Q50+U50 -> 2 | Z50: =F50+J50+N50+R50+V50 -> 1 | AA50: =G50+K50+O50+S50+W50 -> 1 | AB50: =Z50/Y50 -> 0.5
B51: 42 | C51: Guilherme Macedo | D51: Macedo | E51: =IFERROR((VLOOKUP(D51,'UCL SS'!$C$3:$D$31,2,FALSE)),0) -> 0 | F51: =IFERROR(VLOOKUP(D51,'UCL SS'!$C$3:$E$31,3,FALSE),0) -> 0 | G51: =IFERROR(VLOOKUP(D51,'UCL SS'!$C$3:$F$31,4,FALSE),0) -> 0 | H51: =IFERROR(F51/E51,0) -> 0 | I51: =IFERROR(VLOOKUP(D51,'UCL WS'!$C$3:$F$35,2,FALSE),0) -> 1 | J51: =IFERROR(VLOOKUP(D51,'UCL WS'!$C$3:$F$35,3,FALSE),0) -> 0 | K51: =IFERROR(VLOOKUP(D51,'UCL WS'!$C$3:$F$35,4,FALSE),0) -> 1 | L51: =IFERROR(J51/I51,0) -> 0 | M51: =IFERROR(VLOOKUP(D51,'UCL SS 2ed'!$C$3:$F$50,2,FALSE),0) -> 0 | N51: =IFERROR(VLOOKUP(D51,'UCL SS 2ed'!$C$3:$F$50,3,FALSE),0) -> 0 | O51: =IFERROR(VLOOKUP(D51,'UCL SS 2ed'!$C$3:$F$50,4,FALSE),0) -> 0 | P51: =IFERROR(N51/M51,0) -> 0 | Q51: =+_xlfn.XLOOKUP(D51,'UCL WS 2ed'!$C$3:$C$37,'UCL WS 2ed'!$D$3:$D$37,0,0) -> 1 | R51: =+_xlfn.XLOOKUP(D51,'UCL WS 2ed'!$C$3:$C$37,'UCL WS 2ed'!$E$3:$E$37,0,0) -> 0 | S51: =+_xlfn.XLOOKUP(D51,'UCL WS 2ed'!$C$3:$C$37,'UCL WS 2ed'!$F$3:$F$37,0) -> 1 | T51: =IFERROR(R51/Q51,0) -> 0 | U51: =IFERROR(VLOOKUP(D51,'UCL SS 3ed'!$C$3:$F$24,2,FALSE),0) -> 0 | V51: =IFERROR(VLOOKUP(D51,'UCL SS 3ed'!$C$3:$F$24,3,FALSE),0) -> 0 | W51: =IFERROR(VLOOKUP(D51,'UCL SS 3ed'!$C$3:$F$24,4,FALSE),0) -> 0 | X51: =IFERROR(V51/U51,0) -> 0 | Y51: =E51+I51+M51+Q51+U51 -> 2 | Z51: =F51+J51+N51+R51+V51 -> 0 | AA51: =G51+K51+O51+S51+W51 -> 2 | AB51: =Z51/Y51 -> 0
... B53: 48 | C53: Ricardo Miranda | D53: Miranda Sr. | E53: =IFERROR((VLOOKUP(D53,'UCL SS'!$C$3:$D$31,2,FALSE)),0) -> 0 | F53: =IFERROR(VLOOKUP(D53,'UCL SS'!$C$3:$E$31,3,FALSE),0) -> 0 | G53: =IFERROR(VLOOKUP(D53,'UCL SS'!$C$3:$F$31,4,FALSE),0) -> 0 | H53: =IFERROR(F53/E53,0) -> 0 | I53: =IFERROR(VLOOKUP(D53,'UCL WS'!$C$3:$F$35,2,FALSE),0) -> 1 | J53: =IFERROR(VLOOKUP(D53,'UCL WS'!$C$3:$F$35,3,FALSE),0) -> 1 | K53: =IFERROR(VLOOKUP(D53,'UCL WS'!$C$3:$F$35,4,FALSE),0) -> 0 | L53: =IFERROR(J53/I53,0) -> 1 | M53: =IFERROR(VLOOKUP(D53,'UCL SS 2ed'!$C$3:$F$50,2,FALSE),0) -> 0 | N53: =IFERROR(VLOOKUP(D53,'UCL SS 2ed'!$C$3:$F$50,3,FALSE),0) -> 0 | O53: =IFERROR(VLOOKUP(D53,'UCL SS 2ed'!$C$3:$F$50,4,FALSE),0) -> 0 | P53: =IFERROR(N53/M53,0) -> 0 | Q53: =+_xlfn.XLOOKUP(D53,'UCL WS 2ed'!$C$3:$C$37,'UCL WS 2ed'!$D$3:$D$37,0,0) -> 0 | R53: =+_xlfn.XLOOKUP(D53,'UCL WS 2ed'!$C$3:$C$37,'UCL WS 2ed'!$E$3:$E$37,0,0) -> 0 | S53: =+_xlfn.XLOOKUP(D53,'UCL WS 2ed'!$C$3:$C$37,'UCL WS 2ed'!$F$3:$F$37,0) -> 0 | T53: =IFERROR(R53/Q53,0) -> 0 | U53: =IFERROR(VLOOKUP(D53,'UCL SS 3ed'!$C$3:$F$24,2,FALSE),0) -> 0 | V53: =IFERROR(VLOOKUP(D53,'UCL SS 3ed'!$C$3:$F$24,3,FALSE),0) -> 0 | W53: =IFERROR(VLOOKUP(D53,'UCL SS 3ed'!$C$3:$F$24,4,FALSE),0) -> 0 | X53: =IFERROR(V53/U53,0) -> 0 | Y53: =E53+I53+M53+Q53+U53 -> 1 | Z53: =F53+J53+N53+R53+V53 -> 1 | AA53: =G53+K53+O53+S53+W53 -> 0 | AB53: =Z53/Y53 -> 1
B54: 48 | D54: Slim | E54: =IFERROR((VLOOKUP(D54,'UCL SS'!$C$3:$D$31,2,FALSE)),0) -> 0 | F54: =IFERROR(VLOOKUP(D54,'UCL SS'!$C$3:$E$31,3,FALSE),0) -> 0 | G54: =IFERROR(VLOOKUP(D54,'UCL SS'!$C$3:$F$31,4,FALSE),0) -> 0 | H54: =IFERROR(F54/E54,0) -> 0 | I54: =IFERROR(VLOOKUP(D54,'UCL WS'!$C$3:$F$35,2,FALSE),0) -> 1 | J54: =IFERROR(VLOOKUP(D54,'UCL WS'!$C$3:$F$35,3,FALSE),0) -> 1 | K54: =IFERROR(VLOOKUP(D54,'UCL WS'!$C$3:$F$35,4,FALSE),0) -> 0 | L54: =IFERROR(J54/I54,0) -> 1 | M54: =IFERROR(VLOOKUP(D54,'UCL SS 2ed'!$C$3:$F$50,2,FALSE),0) -> 0 | N54: =IFERROR(VLOOKUP(D54,'UCL SS 2ed'!$C$3:$F$50,3,FALSE),0) -> 0 | O54: =IFERROR(VLOOKUP(D54,'UCL SS 2ed'!$C$3:$F$50,4,FALSE),0) -> 0 | P54: =IFERROR(N54/M54,0) -> 0 | Q54: =+_xlfn.XLOOKUP(D54,'UCL WS 2ed'!$C$3:$C$37,'UCL WS 2ed'!$D$3:$D$37,0,0) -> 0 | R54: =+_xlfn.XLOOKUP(D54,'UCL WS 2ed'!$C$3:$C$37,'UCL WS 2ed'!$E$3:$E$37,0,0) -> 0 | S54: =+_xlfn.XLOOKUP(D54,'UCL WS 2ed'!$C$3:$C$37,'UCL WS 2ed'!$F$3:$F$37,0) -> 0 | T54: =IFERROR(R54/Q54,0) -> 0 | U54: =IFERROR(VLOOKUP(D54,'UCL SS 3ed'!$C$3:$F$24,2,FALSE),0) -> 0 | V54: =IFERROR(VLOOKUP(D54,'UCL SS 3ed'!$C$3:$F$24,3,FALSE),0) -> 0 | W54: =IFERROR(VLOOKUP(D54,'UCL SS 3ed'!$C$3:$F$24,4,FALSE),0) -> 0 | X54: =IFERROR(V54/U54,0) -> 0 | Y54: =E54+I54+M54+Q54+U54 -> 1 | Z54: =F54+J54+N54+R54+V54 -> 1 | AA54: =G54+K54+O54+S54+W54 -> 0 | AB54: =Z54/Y54 -> 1
B55: 48 | C55: João Cruz | D55: Cruz | E55: =IFERROR((VLOOKUP(D55,'UCL SS'!$C$3:$D$31,2,FALSE)),0) -> 0 | F55: =IFERROR(VLOOKUP(D55,'UCL SS'!$C$3:$E$31,3,FALSE),0) -> 0 | G55: =IFERROR(VLOOKUP(D55,'UCL SS'!$C$3:$F$31,4,FALSE),0) -> 0 | H55: =IFERROR(F55/E55,0) -> 0 | I55: =IFERROR(VLOOKUP(D55,'UCL WS'!$C$3:$F$35,2,FALSE),0) -> 1 | J55: =IFERROR(VLOOKUP(D55,'UCL WS'!$C$3:$F$35,3,FALSE),0) -> 1 | K55: =IFERROR(VLOOKUP(D55,'UCL WS'!$C$3:$F$35,4,FALSE),0) -> 0 | L55: =IFERROR(J55/I55,0) -> 1 | M55: =IFERROR(VLOOKUP(D55,'UCL SS 2ed'!$C$3:$F$50,2,FALSE),0) -> 0 | N55: =IFERROR(VLOOKUP(D55,'UCL SS 2ed'!$C$3:$F$50,3,FALSE),0) -> 0 | O55: =IFERROR(VLOOKUP(D55,'UCL SS 2ed'!$C$3:$F$50,4,FALSE),0) -> 0 | P55: =IFERROR(N55/M55,0) -> 0 | Q55: =+_xlfn.XLOOKUP(D55,'UCL WS 2ed'!$C$3:$C$37,'UCL WS 2ed'!$D$3:$D$37,0,0) -> 0 | R55: =+_xlfn.XLOOKUP(D55,'UCL WS 2ed'!$C$3:$C$37,'UCL WS 2ed'!$E$3:$E$37,0,0) -> 0 | S55: =+_xlfn.XLOOKUP(D55,'UCL WS 2ed'!$C$3:$C$37,'UCL WS 2ed'!$F$3:$F$37,0) -> 0 | T55: =IFERROR(R55/Q55,0) -> 0 | U55: =IFERROR(VLOOKUP(D55,'UCL SS 3ed'!$C$3:$F$24,2,FALSE),0) -> 0 | V55: =IFERROR(VLOOKUP(D55,'UCL SS 3ed'!$C$3:$F$24,3,FALSE),0) -> 0 | W55: =IFERROR(VLOOKUP(D55,'UCL SS 3ed'!$C$3:$F$24,4,FALSE),0) -> 0 | X55: =IFERROR(V55/U55,0) -> 0 | Y55: =E55+I55+M55+Q55+U55 -> 1 | Z55: =F55+J55+N55+R55+V55 -> 1 | AA55: =G55+K55+O55+S55+W55 -> 0 | AB55: =Z55/Y55 -> 1
B56: 48 | C56: André Amorim | D56: Bolinha | E56: =IFERROR((VLOOKUP(D56,'UCL SS'!$C$3:$D$31,2,FALSE)),0) -> 1 | F56: =IFERROR(VLOOKUP(D56,'UCL SS'!$C$3:$E$31,3,FALSE),0) -> 1 | G56: =IFERROR(VLOOKUP(D56,'UCL SS'!$C$3:$F$31,4,FALSE),0) -> 0 | H56: =IFERROR(F56/E56,0) -> 1 | I56: =IFERROR(VLOOKUP(D56,'UCL WS'!$C$3:$F$35,2,FALSE),0) -> 0 | J56: =IFERROR(VLOOKUP(D56,'UCL WS'!$C$3:$F$35,3,FALSE),0) -> 0 | K56: =IFERROR(VLOOKUP(D56,'UCL WS'!$C$3:$F$35,4,FALSE),0) -> 0 | L56: =IFERROR(J56/I56,0) -> 0 | M56: =IFERROR(VLOOKUP(D56,'UCL SS 2ed'!$C$3:$F$50,2,FALSE),0) -> 0 | N56: =IFERROR(VLOOKUP(D56,'UCL SS 2ed'!$C$3:$F$50,3,FALSE),0) -> 0 | O56: =IFERROR(VLOOKUP(D56,'UCL SS 2ed'!$C$3:$F$50,4,FALSE),0) -> 0 | P56: =IFERROR(N56/M56,0) -> 0 | Q56: =+_xlfn.XLOOKUP(D56,'UCL WS 2ed'!$C$3:$C$37,'UCL WS 2ed'!$D$3:$D$37,0,0) -> 0 | R56: =+_xlfn.XLOOKUP(D56,'UCL WS 2ed'!$C$3:$C$37,'UCL WS 2ed'!$E$3:$E$37,0,0) -> 0 | S56: =+_xlfn.XLOOKUP(D56,'UCL WS 2ed'!$C$3:$C$37,'UCL WS 2ed'!$F$3:$F$37,0) -> 0 | T56: =IFERROR(R56/Q56,0) -> 0 | U56: =IFERROR(VLOOKUP(D56,'UCL SS 3ed'!$C$3:$F$24,2,FALSE),0) -> 0 | V56: =IFERROR(VLOOKUP(D56,'UCL SS 3ed'!$C$3:$F$24,3,FALSE),0) -> 0 | W56: =IFERROR(VLOOKUP(D56,'UCL SS 3ed'!$C$3:$F$24,4,FALSE),0) -> 0 | X56: =IFERROR(V56/U56,0) -> 0 | Y56: =E56+I56+M56+Q56+U56 -> 1 | Z56: =F56+J56+N56+R56+V56 -> 1 | AA56: =G56+K56+O56+S56+W56 -> 0 | AB56: =Z56/Y56 -> 1
B57: 48 | C57: Nuno Peliteiro | D57: Peli | E57: =IFERROR((VLOOKUP(D57,'UCL SS'!$C$3:$D$31,2,FALSE)),0) -> 1 | F57: =IFERROR(VLOOKUP(D57,'UCL SS'!$C$3:$E$31,3,FALSE),0) -> 0 | G57: =IFERROR(VLOOKUP(D57,'UCL SS'!$C$3:$F$31,4,FALSE),0) -> 1 | H57: =IFERROR(F57/E57,0) -> 0 | I57: =IFERROR(VLOOKUP(D57,'UCL WS'!$C$3:$F$35,2,FALSE),0) -> 0 | J57: =IFERROR(VLOOKUP(D57,'UCL WS'!$C$3:$F$35,3,FALSE),0) -> 0 | K57: =IFERROR(VLOOKUP(D57,'UCL WS'!$C$3:$F$35,4,FALSE),0) -> 0 | L57: =IFERROR(J57/I57,0) -> 0 | M57: =IFERROR(VLOOKUP(D57,'UCL SS 2ed'!$C$3:$F$50,2,FALSE),0) -> 0 | N57: =IFERROR(VLOOKUP(D57,'UCL SS 2ed'!$C$3:$F$50,3,FALSE),0) -> 0 | O57: =IFERROR(VLOOKUP(D57,'UCL SS 2ed'!$C$3:$F$50,4,FALSE),0) -> 0 | P57: =IFERROR(N57/M57,0) -> 0 | Q57: =+_xlfn.XLOOKUP(D57,'UCL WS 2ed'!$C$3:$C$37,'UCL WS 2ed'!$D$3:$D$37,0,0) -> 0 | R57: =+_xlfn.XLOOKUP(D57,'UCL WS 2ed'!$C$3:$C$37,'UCL WS 2ed'!$E$3:$E$37,0,0) -> 0 | S57: =+_xlfn.XLOOKUP(D57,'UCL WS 2ed'!$C$3:$C$37,'UCL WS 2ed'!$F$3:$F$37,0) -> 0 | T57: =IFERROR(R57/Q57,0) -> 0 | U57: =IFERROR(VLOOKUP(D57,'UCL SS 3ed'!$C$3:$F$24,2,FALSE),0) -> 0 | V57: =IFERROR(VLOOKUP(D57,'UCL SS 3ed'!$C$3:$F$24,3,FALSE),0) -> 0 | W57: =IFERROR(VLOOKUP(D57,'UCL SS 3ed'!$C$3:$F$24,4,FALSE),0) -> 0 | X57: =IFERROR(V57/U57,0) -> 0 | Y57: =E57+I57+M57+Q57+U57 -> 1 | Z57: =F57+J57+N57+R57+V57 -> 0 | AA57: =G57+K57+O57+S57+W57 -> 1 | AB57: =Z57/Y57 -> 0
B58: 48 | C58: Bruno Antunes | D58: Antunes | E58: =IFERROR((VLOOKUP(D58,'UCL SS'!$C$3:$D$31,2,FALSE)),0) -> 1 | F58: =IFERROR(VLOOKUP(D58,'UCL SS'!$C$3:$E$31,3,FALSE),0) -> 0 | G58: =IFERROR(VLOOKUP(D58,'UCL SS'!$C$3:$F$31,4,FALSE),0) -> 1 | H58: =IFERROR(F58/E58,0) -> 0 | I58: =IFERROR(VLOOKUP(D58,'UCL WS'!$C$3:$F$35,2,FALSE),0) -> 0 | J58: =IFERROR(VLOOKUP(D58,'UCL WS'!$C$3:$F$35,3,FALSE),0) -> 0 | K58: =IFERROR(VLOOKUP(D58,'UCL WS'!$C$3:$F$35,4,FALSE),0) -> 0 | L58: =IFERROR(J58/I58,0) -> 0 | M58: =IFERROR(VLOOKUP(D58,'UCL SS 2ed'!$C$3:$F$50,2,FALSE),0) -> 0 | N58: =IFERROR(VLOOKUP(D58,'UCL SS 2ed'!$C$3:$F$50,3,FALSE),0) -> 0 | O58: =IFERROR(VLOOKUP(D58,'UCL SS 2ed'!$C$3:$F$50,4,FALSE),0) -> 0 | P58: =IFERROR(N58/M58,0) -> 0 | Q58: =+_xlfn.XLOOKUP(D58,'UCL WS 2ed'!$C$3:$C$37,'UCL WS 2ed'!$D$3:$D$37,0,0) -> 0 | R58: =+_xlfn.XLOOKUP(D58,'UCL WS 2ed'!$C$3:$C$37,'UCL WS 2ed'!$E$3:$E$37,0,0) -> 0 | S58: =+_xlfn.XLOOKUP(D58,'UCL WS 2ed'!$C$3:$C$37,'UCL WS 2ed'!$F$3:$F$37,0) -> 0 | T58: =IFERROR(R58/Q58,0) -> 0 | U58: =IFERROR(VLOOKUP(D58,'UCL SS 3ed'!$C$3:$F$24,2,FALSE),0) -> 0 | V58: =IFERROR(VLOOKUP(D58,'UCL SS 3ed'!$C$3:$F$24,3,FALSE),0) -> 0 | W58: =IFERROR(VLOOKUP(D58,'UCL SS 3ed'!$C$3:$F$24,4,FALSE),0) -> 0 | X58: =IFERROR(V58/U58,0) -> 0 | Y58: =E58+I58+M58+Q58+U58 -> 1 | Z58: =F58+J58+N58+R58+V58 -> 0 | AA58: =G58+K58+O58+S58+W58 -> 1 | AB58: =Z58/Y58 -> 0
B59: 48 | C59: Miguel Pacheco | D59: Mike | E59: =IFERROR((VLOOKUP(D59,'UCL SS'!$C$3:$D$31,2,FALSE)),0) -> 1 | F59: =IFERROR(VLOOKUP(D59,'UCL SS'!$C$3:$E$31,3,FALSE),0) -> 0 | G59: =IFERROR(VLOOKUP(D59,'UCL SS'!$C$3:$F$31,4,FALSE),0) -> 1 | H59: =IFERROR(F59/E59,0) -> 0 | I59: =IFERROR(VLOOKUP(D59,'UCL WS'!$C$3:$F$35,2,FALSE),0) -> 0 | J59: =IFERROR(VLOOKUP(D59,'UCL WS'!$C$3:$F$35,3,FALSE),0) -> 0 | K59: =IFERROR(VLOOKUP(D59,'UCL WS'!$C$3:$F$35,4,FALSE),0) -> 0 | L59: =IFERROR(J59/I59,0) -> 0 | M59: =IFERROR(VLOOKUP(D59,'UCL SS 2ed'!$C$3:$F$50,2,FALSE),0) -> 0 | N59: =IFERROR(VLOOKUP(D59,'UCL SS 2ed'!$C$3:$F$50,3,FALSE),0) -> 0 | O59: =IFERROR(VLOOKUP(D59,'UCL SS 2ed'!$C$3:$F$50,4,FALSE),0) -> 0 | P59: =IFERROR(N59/M59,0) -> 0 | Q59: =+_xlfn.XLOOKUP(D59,'UCL WS 2ed'!$C$3:$C$37,'UCL WS 2ed'!$D$3:$D$37,0,0) -> 0 | R59: =+_xlfn.XLOOKUP(D59,'UCL WS 2ed'!$C$3:$C$37,'UCL WS 2ed'!$E$3:$E$37,0,0) -> 0 | S59: =+_xlfn.XLOOKUP(D59,'UCL WS 2ed'!$C$3:$C$37,'UCL WS 2ed'!$F$3:$F$37,0) -> 0 | T59: =IFERROR(R59/Q59,0) -> 0 | U59: =IFERROR(VLOOKUP(D59,'UCL SS 3ed'!$C$3:$F$24,2,FALSE),0) -> 0 | V59: =IFERROR(VLOOKUP(D59,'UCL SS 3ed'!$C$3:$F$24,3,FALSE),0) -> 0 | W59: =IFERROR(VLOOKUP(D59,'UCL SS 3ed'!$C$3:$F$24,4,FALSE),0) -> 0 | X59: =IFERROR(V59/U59,0) -> 0 | Y59: =E59+I59+M59+Q59+U59 -> 1 | Z59: =F59+J59+N59+R59+V59 -> 0 | AA59: =G59+K59+O59+S59+W59 -> 1 | AB59: =Z59/Y59 -> 0
B60: 48 | C60: Filipe Sá | D60: Sá | E60: =IFERROR((VLOOKUP(D60,'UCL SS'!$C$3:$D$31,2,FALSE)),0) -> 1 | F60: =IFERROR(VLOOKUP(D60,'UCL SS'!$C$3:$E$31,3,FALSE),0) -> 0 | G60: =IFERROR(VLOOKUP(D60,'UCL SS'!$C$3:$F$31,4,FALSE),0) -> 1 | H60: =IFERROR(F60/E60,0) -> 0 | I60: =IFERROR(VLOOKUP(D60,'UCL WS'!$C$3:$F$35,2,FALSE),0) -> 0 | J60: =IFERROR(VLOOKUP(D60,'UCL WS'!$C$3:$F$35,3,FALSE),0) -> 0 | K60: =IFERROR(VLOOKUP(D60,'UCL WS'!$C$3:$F$35,4,FALSE),0) -> 0 | L60: =IFERROR(J60/I60,0) -> 0 | M60: =IFERROR(VLOOKUP(D60,'UCL SS 2ed'!$C$3:$F$50,2,FALSE),0) -> 0 | N60: =IFERROR(VLOOKUP(D60,'UCL SS 2ed'!$C$3:$F$50,3,FALSE),0) -> 0 | O60: =IFERROR(VLOOKUP(D60,'UCL SS 2ed'!$C$3:$F$50,4,FALSE),0) -> 0 | P60: =IFERROR(N60/M60,0) -> 0 | Q60: =+_xlfn.XLOOKUP(D60,'UCL WS 2ed'!$C$3:$C$37,'UCL WS 2ed'!$D$3:$D$37,0,0) -> 0 | R60: =+_xlfn.XLOOKUP(D60,'UCL WS 2ed'!$C$3:$C$37,'UCL WS 2ed'!$E$3:$E$37,0,0) -> 0 | S60: =+_xlfn.XLOOKUP(D60,'UCL WS 2ed'!$C$3:$C$37,'UCL WS 2ed'!$F$3:$F$37,0) -> 0 | T60: =IFERROR(R60/Q60,0) -> 0 | U60: =IFERROR(VLOOKUP(D60,'UCL SS 3ed'!$C$3:$F$24,2,FALSE),0) -> 0 | V60: =IFERROR(VLOOKUP(D60,'UCL SS 3ed'!$C$3:$F$24,3,FALSE),0) -> 0 | W60: =IFERROR(VLOOKUP(D60,'UCL SS 3ed'!$C$3:$F$24,4,FALSE),0) -> 0 | X60: =IFERROR(V60/U60,0) -> 0 | Y60: =E60+I60+M60+Q60+U60 -> 1 | Z60: =F60+J60+N60+R60+V60 -> 0 | AA60: =G60+K60+O60+S60+W60 -> 1 | AB60: =Z60/Y60 -> 0
B61: 48 | C61: Rúben Costa | D61: Rúben | E61: =IFERROR((VLOOKUP(D61,'UCL SS'!$C$3:$D$31,2,FALSE)),0) -> 1 | F61: =IFERROR(VLOOKUP(D61,'UCL SS'!$C$3:$E$31,3,FALSE),0) -> 0 | G61: =IFERROR(VLOOKUP(D61,'UCL SS'!$C$3:$F$31,4,FALSE),0) -> 1 | H61: =IFERROR(F61/E61,0) -> 0 | I61: =IFERROR(VLOOKUP(D61,'UCL WS'!$C$3:$F$35,2,FALSE),0) -> 0 | J61: =IFERROR(VLOOKUP(D61,'UCL WS'!$C$3:$F$35,3,FALSE),0) -> 0 | K61: =IFERROR(VLOOKUP(D61,'UCL WS'!$C$3:$F$35,4,FALSE),0) -> 0 | L61: =IFERROR(J61/I61,0) -> 0 | M61: =IFERROR(VLOOKUP(D61,'UCL SS 2ed'!$C$3:$F$50,2,FALSE),0) -> 0 | N61: =IFERROR(VLOOKUP(D61,'UCL SS 2ed'!$C$3:$F$50,3,FALSE),0) -> 0 | O61: =IFERROR(VLOOKUP(D61,'UCL SS 2ed'!$C$3:$F$50,4,FALSE),0) -> 0 | P61: =IFERROR(N61/M61,0) -> 0 | Q61: =+_xlfn.XLOOKUP(D61,'UCL WS 2ed'!$C$3:$C$37,'UCL WS 2ed'!$D$3:$D$37,0,0) -> 0 | R61: =+_xlfn.XLOOKUP(D61,'UCL WS 2ed'!$C$3:$C$37,'UCL WS 2ed'!$E$3:$E$37,0,0) -> 0 | S61: =+_xlfn.XLOOKUP(D61,'UCL WS 2ed'!$C$3:$C$37,'UCL WS 2ed'!$F$3:$F$37,0) -> 0 | T61: =IFERROR(R61/Q61,0) -> 0 | U61: =IFERROR(VLOOKUP(D61,'UCL SS 3ed'!$C$3:$F$24,2,FALSE),0) -> 0 | V61: =IFERROR(VLOOKUP(D61,'UCL SS 3ed'!$C$3:$F$24,3,FALSE),0) -> 0 | W61: =IFERROR(VLOOKUP(D61,'UCL SS 3ed'!$C$3:$F$24,4,FALSE),0) -> 0 | X61: =IFERROR(V61/U61,0) -> 0 | Y61: =E61+I61+M61+Q61+U61 -> 1 | Z61: =F61+J61+N61+R61+V61 -> 0 | AA61: =G61+K61+O61+S61+W61 -> 1 | AB61: =Z61/Y61 -> 0
B62: 48 | C62: Alexandre Silva | D62: Peixe | E62: =IFERROR((VLOOKUP(D62,'UCL SS'!$C$3:$D$31,2,FALSE)),0) -> 1 | F62: =IFERROR(VLOOKUP(D62,'UCL SS'!$C$3:$E$31,3,FALSE),0) -> 0 | G62: =IFERROR(VLOOKUP(D62,'UCL SS'!$C$3:$F$31,4,FALSE),0) -> 1 | H62: =IFERROR(F62/E62,0) -> 0 | I62: =IFERROR(VLOOKUP(D62,'UCL WS'!$C$3:$F$35,2,FALSE),0) -> 0 | J62: =IFERROR(VLOOKUP(D62,'UCL WS'!$C$3:$F$35,3,FALSE),0) -> 0 | K62: =IFERROR(VLOOKUP(D62,'UCL WS'!$C$3:$F$35,4,FALSE),0) -> 0 | L62: =IFERROR(J62/I62,0) -> 0 | M62: =IFERROR(VLOOKUP(D62,'UCL SS 2ed'!$C$3:$F$50,2,FALSE),0) -> 0 | N62: =IFERROR(VLOOKUP(D62,'UCL SS 2ed'!$C$3:$F$50,3,FALSE),0) -> 0 | O62: =IFERROR(VLOOKUP(D62,'UCL SS 2ed'!$C$3:$F$50,4,FALSE),0) -> 0 | P62: =IFERROR(N62/M62,0) -> 0 | Q62: =+_xlfn.XLOOKUP(D62,'UCL WS 2ed'!$C$3:$C$37,'UCL WS 2ed'!$D$3:$D$37,0,0) -> 0 | R62: =+_xlfn.XLOOKUP(D62,'UCL WS 2ed'!$C$3:$C$37,'UCL WS 2ed'!$E$3:$E$37,0,0) -> 0 | S62: =+_xlfn.XLOOKUP(D62,'UCL WS 2ed'!$C$3:$C$37,'UCL WS 2ed'!$F$3:$F$37,0) -> 0 | T62: =IFERROR(R62/Q62,0) -> 0 | U62: =IFERROR(VLOOKUP(D62,'UCL SS 3ed'!$C$3:$F$24,2,FALSE),0) -> 0 | V62: =IFERROR(VLOOKUP(D62,'UCL SS 3ed'!$C$3:$F$24,3,FALSE),0) -> 0 | W62: =IFERROR(VLOOKUP(D62,'UCL SS 3ed'!$C$3:$F$24,4,FALSE),0) -> 0 | X62: =IFERROR(V62/U62,0) -> 0 | Y62: =E62+I62+M62+Q62+U62 -> 1 | Z62: =F62+J62+N62+R62+V62 -> 0 | AA62: =G62+K62+O62+S62+W62 -> 1 | AB62: =Z62/Y62 -> 0
B63: 48 | C63: André Ferreira | D63: Ferreira | E63: =IFERROR((VLOOKUP(D63,'UCL SS'!$C$3:$D$31,2,FALSE)),0) -> 0 | F63: =IFERROR(VLOOKUP(D63,'UCL SS'!$C$3:$E$31,3,FALSE),0) -> 0 | G63: =IFERROR(VLOOKUP(D63,'UCL SS'!$C$3:$F$31,4,FALSE),0) -> 0 | H63: =IFERROR(F63/E63,0) -> 0 | I63: =IFERROR(VLOOKUP(D63,'UCL WS'!$C$3:$F$35,2,FALSE),0) -> 1 | J63: =IFERROR(VLOOKUP(D63,'UCL WS'!$C$3:$F$35,3,FALSE),0) -> 1 | K63: =IFERROR(VLOOKUP(D63,'UCL WS'!$C$3:$F$35,4,FALSE),0) -> 0 | L63: =IFERROR(J63/I63,0) -> 1 | M63: =IFERROR(VLOOKUP(D63,'UCL SS 2ed'!$C$3:$F$50,2,FALSE),0) -> 0 | N63: =IFERROR(VLOOKUP(D63,'UCL SS 2ed'!$C$3:$F$50,3,FALSE),0) -> 0 | O63: =IFERROR(VLOOKUP(D63,'UCL SS 2ed'!$C$3:$F$50,4,FALSE),0) -> 0 | P63: =IFERROR(N63/M63,0) -> 0 | Q63: =+_xlfn.XLOOKUP(D63,'UCL WS 2ed'!$C$3:$C$37,'UCL WS 2ed'!$D$3:$D$37,0,0) -> 0 | R63: =+_xlfn.XLOOKUP(D63,'UCL WS 2ed'!$C$3:$C$37,'UCL WS 2ed'!$E$3:$E$37,0,0) -> 0 | S63: =+_xlfn.XLOOKUP(D63,'UCL WS 2ed'!$C$3:$C$37,'UCL WS 2ed'!$F$3:$F$37,0) -> 0 | T63: =IFERROR(R63/Q63,0) -> 0 | U63: =IFERROR(VLOOKUP(D63,'UCL SS 3ed'!$C$3:$F$24,2,FALSE),0) -> 0 | V63: =IFERROR(VLOOKUP(D63,'UCL SS 3ed'!$C$3:$F$24,3,FALSE),0) -> 0 | W63: =IFERROR(VLOOKUP(D63,'UCL SS 3ed'!$C$3:$F$24,4,FALSE),0) -> 0 | X63: =IFERROR(V63/U63,0) -> 0 | Y63: =E63+I63+M63+Q63+U63 -> 1 | Z63: =F63+J63+N63+R63+V63 -> 1 | AA63: =G63+K63+O63+S63+W63 -> 0 | AB63: =Z63/Y63 -> 1
B64: 48 | C64: Bruno Maia | D64: Maia | E64: =IFERROR((VLOOKUP(D64,'UCL SS'!$C$3:$D$31,2,FALSE)),0) -> 0 | F64: =IFERROR(VLOOKUP(D64,'UCL SS'!$C$3:$E$31,3,FALSE),0) -> 0 | G64: =IFERROR(VLOOKUP(D64,'UCL SS'!$C$3:$F$31,4,FALSE),0) -> 0 | H64: =IFERROR(F64/E64,0) -> 0 | I64: =IFERROR(VLOOKUP(D64,'UCL WS'!$C$3:$F$35,2,FALSE),0) -> 1 | J64: =IFERROR(VLOOKUP(D64,'UCL WS'!$C$3:$F$35,3,FALSE),0) -> 0 | K64: =IFERROR(VLOOKUP(D64,'UCL WS'!$C$3:$F$35,4,FALSE),0) -> 1 | L64: =IFERROR(J64/I64,0) -> 0 | M64: =IFERROR(VLOOKUP(D64,'UCL SS 2ed'!$C$3:$F$50,2,FALSE),0) -> 0 | N64: =IFERROR(VLOOKUP(D64,'UCL SS 2ed'!$C$3:$F$50,3,FALSE),0) -> 0 | O64: =IFERROR(VLOOKUP(D64,'UCL SS 2ed'!$C$3:$F$50,4,FALSE),0) -> 0 | P64: =IFERROR(N64/M64,0) -> 0 | Q64: =+_xlfn.XLOOKUP(D64,'UCL WS 2ed'!$C$3:$C$37,'UCL WS 2ed'!$D$3:$D$37,0,0) -> 0 | R64: =+_xlfn.XLOOKUP(D64,'UCL WS 2ed'!$C$3:$C$37,'UCL WS 2ed'!$E$3:$E$37,0,0) -> 0 | S64: =+_xlfn.XLOOKUP(D64,'UCL WS 2ed'!$C$3:$C$37,'UCL WS 2ed'!$F$3:$F$37,0) -> 0 | T64: =IFERROR(R64/Q64,0) -> 0 | U64: =IFERROR(VLOOKUP(D64,'UCL SS 3ed'!$C$3:$F$24,2,FALSE),0) -> 0 | V64: =IFERROR(VLOOKUP(D64,'UCL SS 3ed'!$C$3:$F$24,3,FALSE),0) -> 0 | W64: =IFERROR(VLOOKUP(D64,'UCL SS 3ed'!$C$3:$F$24,4,FALSE),0) -> 0 | X64: =IFERROR(V64/U64,0) -> 0 | Y64: =E64+I64+M64+Q64+U64 -> 1 | Z64: =F64+J64+N64+R64+V64 -> 0 | AA64: =G64+K64+O64+S64+W64 -> 1 | AB64: =Z64/Y64 -> 0
B65: 48 | C65: Francisco Silva | D65: Xico Silva | E65: =IFERROR((VLOOKUP(D65,'UCL SS'!$C$3:$D$31,2,FALSE)),0) -> 0 | F65: =IFERROR(VLOOKUP(D65,'UCL SS'!$C$3:$E$31,3,FALSE),0) -> 0 | G65: =IFERROR(VLOOKUP(D65,'UCL SS'!$C$3:$F$31,4,FALSE),0) -> 0 | H65: =IFERROR(F65/E65,0) -> 0 | I65: =IFERROR(VLOOKUP(D65,'UCL WS'!$C$3:$F$35,2,FALSE),0) -> 1 | J65: =IFERROR(VLOOKUP(D65,'UCL WS'!$C$3:$F$35,3,FALSE),0) -> 0 | K65: =IFERROR(VLOOKUP(D65,'UCL WS'!$C$3:$F$35,4,FALSE),0) -> 1 | L65: =IFERROR(J65/I65,0) -> 0 | M65: =IFERROR(VLOOKUP(D65,'UCL SS 2ed'!$C$3:$F$50,2,FALSE),0) -> 0 | N65: =IFERROR(VLOOKUP(D65,'UCL SS 2ed'!$C$3:$F$50,3,FALSE),0) -> 0 | O65: =IFERROR(VLOOKUP(D65,'UCL SS 2ed'!$C$3:$F$50,4,FALSE),0) -> 0 | P65: =IFERROR(N65/M65,0) -> 0 | Q65: =+_xlfn.XLOOKUP(D65,'UCL WS 2ed'!$C$3:$C$37,'UCL WS 2ed'!$D$3:$D$37,0,0) -> 0 | R65: =+_xlfn.XLOOKUP(D65,'UCL WS 2ed'!$C$3:$C$37,'UCL WS 2ed'!$E$3:$E$37,0,0) -> 0 | S65: =+_xlfn.XLOOKUP(D65,'UCL WS 2ed'!$C$3:$C$37,'UCL WS 2ed'!$F$3:$F$37,0) -> 0 | T65: =IFERROR(R65/Q65,0) -> 0 | U65: =IFERROR(VLOOKUP(D65,'UCL SS 3ed'!$C$3:$F$24,2,FALSE),0) -> 0 | V65: =IFERROR(VLOOKUP(D65,'UCL SS 3ed'!$C$3:$F$24,3,FALSE),0) -> 0 | W65: =IFERROR(VLOOKUP(D65,'UCL SS 3ed'!$C$3:$F$24,4,FALSE),0) -> 0 | X65: =IFERROR(V65/U65,0) -> 0 | Y65: =E65+I65+M65+Q65+U65 -> 1 | Z65: =F65+J65+N65+R65+V65 -> 0 | AA65: =G65+K65+O65+S65+W65 -> 1 | AB65: =Z65/Y65 -> 0
B66: 48 | C66: António Amorim | D66: Toni | E66: =IFERROR((VLOOKUP(D66,'UCL SS'!$C$3:$D$31,2,FALSE)),0) -> 0 | F66: =IFERROR(VLOOKUP(D66,'UCL SS'!$C$3:$E$31,3,FALSE),0) -> 0 | G66: =IFERROR(VLOOKUP(D66,'UCL SS'!$C$3:$F$31,4,FALSE),0) -> 0 | H66: =IFERROR(F66/E66,0) -> 0 | I66: =IFERROR(VLOOKUP(D66,'UCL WS'!$C$3:$F$35,2,FALSE),0) -> 0 | J66: =IFERROR(VLOOKUP(D66,'UCL WS'!$C$3:$F$35,3,FALSE),0) -> 0 | K66: =IFERROR(VLOOKUP(D66,'UCL WS'!$C$3:$F$35,4,FALSE),0) -> 0 | L66: =IFERROR(J66/I66,0) -> 0 | M66: =IFERROR(VLOOKUP(D66,'UCL SS 2ed'!$C$3:$F$50,2,FALSE),0) -> 1 | N66: =IFERROR(VLOOKUP(D66,'UCL SS 2ed'!$C$3:$F$50,3,FALSE),0) -> 1 | O66: =IFERROR(VLOOKUP(D66,'UCL SS 2ed'!$C$3:$F$50,4,FALSE),0) -> 0 | P66: =IFERROR(N66/M66,0) -> 1 | Q66: =+_xlfn.XLOOKUP(D66,'UCL WS 2ed'!$C$3:$C$37,'UCL WS 2ed'!$D$3:$D$37,0,0) -> 0 | R66: =+_xlfn.XLOOKUP(D66,'UCL WS 2ed'!$C$3:$C$37,'UCL WS 2ed'!$E$3:$E$37,0,0) -> 0 | S66: =+_xlfn.XLOOKUP(D66,'UCL WS 2ed'!$C$3:$C$37,'UCL WS 2ed'!$F$3:$F$37,0) -> 0 | T66: =IFERROR(R66/Q66,0) -> 0 | U66: =IFERROR(VLOOKUP(D66,'UCL SS 3ed'!$C$3:$F$24,2,FALSE),0) -> 0 | V66: =IFERROR(VLOOKUP(D66,'UCL SS 3ed'!$C$3:$F$24,3,FALSE),0) -> 0 | W66: =IFERROR(VLOOKUP(D66,'UCL SS 3ed'!$C$3:$F$24,4,FALSE),0) -> 0 | X66: =IFERROR(V66/U66,0) -> 0 | Y66: =E66+I66+M66+Q66+U66 -> 1 | Z66: =F66+J66+N66+R66+V66 -> 1 | AA66: =G66+K66+O66+S66+W66 -> 0 | AB66: =Z66/Y66 -> 1
... B70: 48 | C70: Luís Guimarães | D70: Guimarães | E70: =IFERROR((VLOOKUP(D70,'UCL SS'!$C$3:$D$31,2,FALSE)),0) -> 0 | F70: =IFERROR(VLOOKUP(D70,'UCL SS'!$C$3:$E$31,3,FALSE),0) -> 0 | G70: =IFERROR(VLOOKUP(D70,'UCL SS'!$C$3:$F$31,4,FALSE),0) -> 0 | H70: =IFERROR(F70/E70,0) -> 0 | I70: =IFERROR(VLOOKUP(D70,'UCL WS'!$C$3:$F$35,2,FALSE),0) -> 0 | J70: =IFERROR(VLOOKUP(D70,'UCL WS'!$C$3:$F$35,3,FALSE),0) -> 0 | K70: =IFERROR(VLOOKUP(D70,'UCL WS'!$C$3:$F$35,4,FALSE),0) -> 0 | L70: =IFERROR(J70/I70,0) -> 0 | M70: =IFERROR(VLOOKUP(D70,'UCL SS 2ed'!$C$3:$F$50,2,FALSE),0) -> 1 | N70: =IFERROR(VLOOKUP(D70,'UCL SS 2ed'!$C$3:$F$50,3,FALSE),0) -> 1 | O70: =IFERROR(VLOOKUP(D70,'UCL SS 2ed'!$C$3:$F$50,4,FALSE),0) -> 0 | P70: =IFERROR(N70/M70,0) -> 1 | Q70: =+_xlfn.XLOOKUP(D70,'UCL WS 2ed'!$C$3:$C$37,'UCL WS 2ed'!$D$3:$D$37,0,0) -> 0 | R70: =+_xlfn.XLOOKUP(D70,'UCL WS 2ed'!$C$3:$C$37,'UCL WS 2ed'!$E$3:$E$37,0,0) -> 0 | S70: =+_xlfn.XLOOKUP(D70,'UCL WS 2ed'!$C$3:$C$37,'UCL WS 2ed'!$F$3:$F$37,0) -> 0 | T70: =IFERROR(R70/Q70,0) -> 0 | U70: =IFERROR(VLOOKUP(D70,'UCL SS 3ed'!$C$3:$F$24,2,FALSE),0) -> 0 | V70: =IFERROR(VLOOKUP(D70,'UCL SS 3ed'!$C$3:$F$24,3,FALSE),0) -> 0 | W70: =IFERROR(VLOOKUP(D70,'UCL SS 3ed'!$C$3:$F$24,4,FALSE),0) -> 0 | X70: =IFERROR(V70/U70,0) -> 0 | Y70: =E70+I70+M70+Q70+U70 -> 1 | Z70: =F70+J70+N70+R70+V70 -> 1 | AA70: =G70+K70+O70+S70+W70 -> 0 | AB70: =Z70/Y70 -> 1
B71: 48 | C71: Hélder Morim | D71: Morim | E71: =IFERROR((VLOOKUP(D71,'UCL SS'!$C$3:$D$31,2,FALSE)),0) -> 0 | F71: =IFERROR(VLOOKUP(D71,'UCL SS'!$C$3:$E$31,3,FALSE),0) -> 0 | G71: =IFERROR(VLOOKUP(D71,'UCL SS'!$C$3:$F$31,4,FALSE),0) -> 0 | H71: =IFERROR(F71/E71,0) -> 0 | I71: =IFERROR(VLOOKUP(D71,'UCL WS'!$C$3:$F$35,2,FALSE),0) -> 0 | J71: =IFERROR(VLOOKUP(D71,'UCL WS'!$C$3:$F$35,3,FALSE),0) -> 0 | K71: =IFERROR(VLOOKUP(D71,'UCL WS'!$C$3:$F$35,4,FALSE),0) -> 0 | L71: =IFERROR(J71/I71,0) -> 0 | M71: =IFERROR(VLOOKUP(D71,'UCL SS 2ed'!$C$3:$F$50,2,FALSE),0) -> 1 | N71: =IFERROR(VLOOKUP(D71,'UCL SS 2ed'!$C$3:$F$50,3,FALSE),0) -> 0 | O71: =IFERROR(VLOOKUP(D71,'UCL SS 2ed'!$C$3:$F$50,4,FALSE),0) -> 1 | P71: =IFERROR(N71/M71,0) -> 0 | Q71: =+_xlfn.XLOOKUP(D71,'UCL WS 2ed'!$C$3:$C$37,'UCL WS 2ed'!$D$3:$D$37,0,0) -> 0 | R71: =+_xlfn.XLOOKUP(D71,'UCL WS 2ed'!$C$3:$C$37,'UCL WS 2ed'!$E$3:$E$37,0,0) -> 0 | S71: =+_xlfn.XLOOKUP(D71,'UCL WS 2ed'!$C$3:$C$37,'UCL WS 2ed'!$F$3:$F$37,0) -> 0 | T71: =IFERROR(R71/Q71,0) -> 0 | U71: =IFERROR(VLOOKUP(D71,'UCL SS 3ed'!$C$3:$F$24,2,FALSE),0) -> 0 | V71: =IFERROR(VLOOKUP(D71,'UCL SS 3ed'!$C$3:$F$24,3,FALSE),0) -> 0 | W71: =IFERROR(VLOOKUP(D71,'UCL SS 3ed'!$C$3:$F$24,4,FALSE),0) -> 0 | X71: =IFERROR(V71/U71,0) -> 0 | Y71: =E71+I71+M71+Q71+U71 -> 1 | Z71: =F71+J71+N71+R71+V71 -> 0 | AA71: =G71+K71+O71+S71+W71 -> 1 | AB71: =Z71/Y71 -> 0 | AC71: Treinos Eslováquia
B72: 48 | C72: José Domingos | D72: Zé Domingos | E72: =IFERROR((VLOOKUP(D72,'UCL SS'!$C$3:$D$31,2,FALSE)),0) -> 0 | F72: =IFERROR(VLOOKUP(D72,'UCL SS'!$C$3:$E$31,3,FALSE),0) -> 0 | G72: =IFERROR(VLOOKUP(D72,'UCL SS'!$C$3:$F$31,4,FALSE),0) -> 0 | H72: =IFERROR(F72/E72,0) -> 0 | I72: =IFERROR(VLOOKUP(D72,'UCL WS'!$C$3:$F$35,2,FALSE),0) -> 0 | J72: =IFERROR(VLOOKUP(D72,'UCL WS'!$C$3:$F$35,3,FALSE),0) -> 0 | K72: =IFERROR(VLOOKUP(D72,'UCL WS'!$C$3:$F$35,4,FALSE),0) -> 0 | L72: =IFERROR(J72/I72,0) -> 0 | M72: =IFERROR(VLOOKUP(D72,'UCL SS 2ed'!$C$3:$F$50,2,FALSE),0) -> 1 | N72: =IFERROR(VLOOKUP(D72,'UCL SS 2ed'!$C$3:$F$50,3,FALSE),0) -> 1 | O72: =IFERROR(VLOOKUP(D72,'UCL SS 2ed'!$C$3:$F$50,4,FALSE),0) -> 0 | P72: =IFERROR(N72/M72,0) -> 1 | Q72: =+_xlfn.XLOOKUP(D72,'UCL WS 2ed'!$C$3:$C$37,'UCL WS 2ed'!$D$3:$D$37,0,0) -> 0 | R72: =+_xlfn.XLOOKUP(D72,'UCL WS 2ed'!$C$3:$C$37,'UCL WS 2ed'!$E$3:$E$37,0,0) -> 0 | S72: =+_xlfn.XLOOKUP(D72,'UCL WS 2ed'!$C$3:$C$37,'UCL WS 2ed'!$F$3:$F$37,0) -> 0 | T72: =IFERROR(R72/Q72,0) -> 0 | U72: =IFERROR(VLOOKUP(D72,'UCL SS 3ed'!$C$3:$F$24,2,FALSE),0) -> 0 | V72: =IFERROR(VLOOKUP(D72,'UCL SS 3ed'!$C$3:$F$24,3,FALSE),0) -> 0 | W72: =IFERROR(VLOOKUP(D72,'UCL SS 3ed'!$C$3:$F$24,4,FALSE),0) -> 0 | X72: =IFERROR(V72/U72,0) -> 0 | Y72: =E72+I72+M72+Q72+U72 -> 1 | Z72: =F72+J72+N72+R72+V72 -> 1 | AA72: =G72+K72+O72+S72+W72 -> 0 | AB72: =Z72/Y72 -> 1
B73: 48 | C73: Jó Silva | D73: Jó | E73: =IFERROR((VLOOKUP(D73,'UCL SS'!$C$3:$D$31,2,FALSE)),0) -> 0 | F73: =IFERROR(VLOOKUP(D73,'UCL SS'!$C$3:$E$31,3,FALSE),0) -> 0 | G73: =IFERROR(VLOOKUP(D73,'UCL SS'!$C$3:$F$31,4,FALSE),0) -> 0 | H73: =IFERROR(F73/E73,0) -> 0 | I73: =IFERROR(VLOOKUP(D73,'UCL WS'!$C$3:$F$35,2,FALSE),0) -> 0 | J73: =IFERROR(VLOOKUP(D73,'UCL WS'!$C$3:$F$35,3,FALSE),0) -> 0 | K73: =IFERROR(VLOOKUP(D73,'UCL WS'!$C$3:$F$35,4,FALSE),0) -> 0 | L73: =IFERROR(J73/I73,0) -> 0 | M73: =IFERROR(VLOOKUP(D73,'UCL SS 2ed'!$C$3:$F$50,2,FALSE),0) -> 1 | N73: =IFERROR(VLOOKUP(D73,'UCL SS 2ed'!$C$3:$F$50,3,FALSE),0) -> 0 | O73: =IFERROR(VLOOKUP(D73,'UCL SS 2ed'!$C$3:$F$50,4,FALSE),0) -> 1 | P73: =IFERROR(N73/M73,0) -> 0 | Q73: =+_xlfn.XLOOKUP(D73,'UCL WS 2ed'!$C$3:$C$37,'UCL WS 2ed'!$D$3:$D$37,0,0) -> 0 | R73: =+_xlfn.XLOOKUP(D73,'UCL WS 2ed'!$C$3:$C$37,'UCL WS 2ed'!$E$3:$E$37,0,0) -> 0 | S73: =+_xlfn.XLOOKUP(D73,'UCL WS 2ed'!$C$3:$C$37,'UCL WS 2ed'!$F$3:$F$37,0) -> 0 | T73: =IFERROR(R73/Q73,0) -> 0 | U73: =IFERROR(VLOOKUP(D73,'UCL SS 3ed'!$C$3:$F$24,2,FALSE),0) -> 0 | V73: =IFERROR(VLOOKUP(D73,'UCL SS 3ed'!$C$3:$F$24,3,FALSE),0) -> 0 | W73: =IFERROR(VLOOKUP(D73,'UCL SS 3ed'!$C$3:$F$24,4,FALSE),0) -> 0 | X73: =IFERROR(V73/U73,0) -> 0 | Y73: =E73+I73+M73+Q73+U73 -> 1 | Z73: =F73+J73+N73+R73+V73 -> 0 | AA73: =G73+K73+O73+S73+W73 -> 1 | AB73: =Z73/Y73 -> 0
B74: 48 | C74: Abel Folha | D74: Folha | E74: =IFERROR((VLOOKUP(D74,'UCL SS'!$C$3:$D$31,2,FALSE)),0) -> 0 | F74: =IFERROR(VLOOKUP(D74,'UCL SS'!$C$3:$E$31,3,FALSE),0) -> 0 | G74: =IFERROR(VLOOKUP(D74,'UCL SS'!$C$3:$F$31,4,FALSE),0) -> 0 | H74: =IFERROR(F74/E74,0) -> 0 | I74: =IFERROR(VLOOKUP(D74,'UCL WS'!$C$3:$F$35,2,FALSE),0) -> 0 | J74: =IFERROR(VLOOKUP(D74,'UCL WS'!$C$3:$F$35,3,FALSE),0) -> 0 | K74: =IFERROR(VLOOKUP(D74,'UCL WS'!$C$3:$F$35,4,FALSE),0) -> 0 | L74: =IFERROR(J74/I74,0) -> 0 | M74: =IFERROR(VLOOKUP(D74,'UCL SS 2ed'!$C$3:$F$50,2,FALSE),0) -> 1 | N74: =IFERROR(VLOOKUP(D74,'UCL SS 2ed'!$C$3:$F$50,3,FALSE),0) -> 0 | O74: =IFERROR(VLOOKUP(D74,'UCL SS 2ed'!$C$3:$F$50,4,FALSE),0) -> 1 | P74: =IFERROR(N74/M74,0) -> 0 | Q74: =+_xlfn.XLOOKUP(D74,'UCL WS 2ed'!$C$3:$C$37,'UCL WS 2ed'!$D$3:$D$37,0,0) -> 0 | R74: =+_xlfn.XLOOKUP(D74,'UCL WS 2ed'!$C$3:$C$37,'UCL WS 2ed'!$E$3:$E$37,0,0) -> 0 | S74: =+_xlfn.XLOOKUP(D74,'UCL WS 2ed'!$C$3:$C$37,'UCL WS 2ed'!$F$3:$F$37,0) -> 0 | T74: =IFERROR(R74/Q74,0) -> 0 | U74: =IFERROR(VLOOKUP(D74,'UCL SS 3ed'!$C$3:$F$24,2,FALSE),0) -> 0 | V74: =IFERROR(VLOOKUP(D74,'UCL SS 3ed'!$C$3:$F$24,3,FALSE),0) -> 0 | W74: =IFERROR(VLOOKUP(D74,'UCL SS 3ed'!$C$3:$F$24,4,FALSE),0) -> 0 | X74: =IFERROR(V74/U74,0) -> 0 | Y74: =E74+I74+M74+Q74+U74 -> 1 | Z74: =F74+J74+N74+R74+V74 -> 0 | AA74: =G74+K74+O74+S74+W74 -> 1 | AB74: =Z74/Y74 -> 0 | AC74: Treinos Roménia
B75: 48 | C75: Xavier Oliveira | D75: Xavi | E75: =IFERROR((VLOOKUP(D75,'UCL SS'!$C$3:$D$31,2,FALSE)),0) -> 0 | F75: =IFERROR(VLOOKUP(D75,'UCL SS'!$C$3:$E$31,3,FALSE),0) -> 0 | G75: =IFERROR(VLOOKUP(D75,'UCL SS'!$C$3:$F$31,4,FALSE),0) -> 0 | H75: =IFERROR(F75/E75,0) -> 0 | I75: =IFERROR(VLOOKUP(D75,'UCL WS'!$C$3:$F$35,2,FALSE),0) -> 0 | J75: =IFERROR(VLOOKUP(D75,'UCL WS'!$C$3:$F$35,3,FALSE),0) -> 0 | K75: =IFERROR(VLOOKUP(D75,'UCL WS'!$C$3:$F$35,4,FALSE),0) -> 0 | L75: =IFERROR(J75/I75,0) -> 0 | M75: =IFERROR(VLOOKUP(D75,'UCL SS 2ed'!$C$3:$F$50,2,FALSE),0) -> 1 | N75: =IFERROR(VLOOKUP(D75,'UCL SS 2ed'!$C$3:$F$50,3,FALSE),0) -> 1 | O75: =IFERROR(VLOOKUP(D75,'UCL SS 2ed'!$C$3:$F$50,4,FALSE),0) -> 0 | P75: =IFERROR(N75/M75,0) -> 1 | Q75: =+_xlfn.XLOOKUP(D75,'UCL WS 2ed'!$C$3:$C$37,'UCL WS 2ed'!$D$3:$D$37,0,0) -> 0 | R75: =+_xlfn.XLOOKUP(D75,'UCL WS 2ed'!$C$3:$C$37,'UCL WS 2ed'!$E$3:$E$37,0,0) -> 0 | S75: =+_xlfn.XLOOKUP(D75,'UCL WS 2ed'!$C$3:$C$37,'UCL WS 2ed'!$F$3:$F$37,0) -> 0 | T75: =IFERROR(R75/Q75,0) -> 0 | U75: =IFERROR(VLOOKUP(D75,'UCL SS 3ed'!$C$3:$F$24,2,FALSE),0) -> 0 | V75: =IFERROR(VLOOKUP(D75,'UCL SS 3ed'!$C$3:$F$24,3,FALSE),0) -> 0 | W75: =IFERROR(VLOOKUP(D75,'UCL SS 3ed'!$C$3:$F$24,4,FALSE),0) -> 0 | X75: =IFERROR(V75/U75,0) -> 0 | Y75: =E75+I75+M75+Q75+U75 -> 1 | Z75: =F75+J75+N75+R75+V75 -> 1 | AA75: =G75+K75+O75+S75+W75 -> 0 | AB75: =Z75/Y75 -> 1
B76: 48 | C76: Diogo Moreira | D76: Moreira | E76: =IFERROR((VLOOKUP(D76,'UCL SS'!$C$3:$D$31,2,FALSE)),0) -> 0 | F76: =IFERROR(VLOOKUP(D76,'UCL SS'!$C$3:$E$31,3,FALSE),0) -> 0 | G76: =IFERROR(VLOOKUP(D76,'UCL SS'!$C$3:$F$31,4,FALSE),0) -> 0 | H76: =IFERROR(F76/E76,0) -> 0 | I76: =IFERROR(VLOOKUP(D76,'UCL WS'!$C$3:$F$35,2,FALSE),0) -> 0 | J76: =IFERROR(VLOOKUP(D76,'UCL WS'!$C$3:$F$35,3,FALSE),0) -> 0 | K76: =IFERROR(VLOOKUP(D76,'UCL WS'!$C$3:$F$35,4,FALSE),0) -> 0 | L76: =IFERROR(J76/I76,0) -> 0 | M76: =IFERROR(VLOOKUP(D76,'UCL SS 2ed'!$C$3:$F$50,2,FALSE),0) -> 1 | N76: =IFERROR(VLOOKUP(D76,'UCL SS 2ed'!$C$3:$F$50,3,FALSE),0) -> 0 | O76: =IFERROR(VLOOKUP(D76,'UCL SS 2ed'!$C$3:$F$50,4,FALSE),0) -> 1 | P76: =IFERROR(N76/M76,0) -> 0 | Q76: =+_xlfn.XLOOKUP(D76,'UCL WS 2ed'!$C$3:$C$37,'UCL WS 2ed'!$D$3:$D$37,0,0) -> 0 | R76: =+_xlfn.XLOOKUP(D76,'UCL WS 2ed'!$C$3:$C$37,'UCL WS 2ed'!$E$3:$E$37,0,0) -> 0 | S76: =+_xlfn.XLOOKUP(D76,'UCL WS 2ed'!$C$3:$C$37,'UCL WS 2ed'!$F$3:$F$37,0) -> 0 | T76: =IFERROR(R76/Q76,0) -> 0 | U76: =IFERROR(VLOOKUP(D76,'UCL SS 3ed'!$C$3:$F$24,2,FALSE),0) -> 0 | V76: =IFERROR(VLOOKUP(D76,'UCL SS 3ed'!$C$3:$F$24,3,FALSE),0) -> 0 | W76: =IFERROR(VLOOKUP(D76,'UCL SS 3ed'!$C$3:$F$24,4,FALSE),0) -> 0 | X76: =IFERROR(V76/U76,0) -> 0 | Y76: =E76+I76+M76+Q76+U76 -> 1 | Z76: =F76+J76+N76+R76+V76 -> 0 | AA76: =G76+K76+O76+S76+W76 -> 1 | AB76: =Z76/Y76 -> 0
B77: 48 | C77: Marco Miguel | D77: Marquinho | E77: =IFERROR((VLOOKUP(D77,'UCL SS'!$C$3:$D$31,2,FALSE)),0) -> 0 | F77: =IFERROR(VLOOKUP(D77,'UCL SS'!$C$3:$E$31,3,FALSE),0) -> 0 | G77: =IFERROR(VLOOKUP(D77,'UCL SS'!$C$3:$F$31,4,FALSE),0) -> 0 | H77: =IFERROR(F77/E77,0) -> 0 | I77: =IFERROR(VLOOKUP(D77,'UCL WS'!$C$3:$F$35,2,FALSE),0) -> 0 | J77: =IFERROR(VLOOKUP(D77,'UCL WS'!$C$3:$F$35,3,FALSE),0) -> 0 | K77: =IFERROR(VLOOKUP(D77,'UCL WS'!$C$3:$F$35,4,FALSE),0) -> 0 | L77: =IFERROR(J77/I77,0) -> 0 | M77: =IFERROR(VLOOKUP(D77,'UCL SS 2ed'!$C$3:$F$50,2,FALSE),0) -> 0 | N77: =IFERROR(VLOOKUP(D77,'UCL SS 2ed'!$C$3:$F$50,3,FALSE),0) -> 0 | O77: =IFERROR(VLOOKUP(D77,'UCL SS 2ed'!$C$3:$F$50,4,FALSE),0) -> 0 | P77: =IFERROR(N77/M77,0) -> 0 | Q77: =+_xlfn.XLOOKUP(D77,'UCL WS 2ed'!$C$3:$C$37,'UCL WS 2ed'!$D$3:$D$37,0,0) -> 1 | R77: =+_xlfn.XLOOKUP(D77,'UCL WS 2ed'!$C$3:$C$37,'UCL WS 2ed'!$E$3:$E$37,0,0) -> 0 | S77: =+_xlfn.XLOOKUP(D77,'UCL WS 2ed'!$C$3:$C$37,'UCL WS 2ed'!$F$3:$F$37,0) -> 1 | T77: =IFERROR(R77/Q77,0) -> 0 | U77: =IFERROR(VLOOKUP(D77,'UCL SS 3ed'!$C$3:$F$24,2,FALSE),0) -> 0 | V77: =IFERROR(VLOOKUP(D77,'UCL SS 3ed'!$C$3:$F$24,3,FALSE),0) -> 0 | W77: =IFERROR(VLOOKUP(D77,'UCL SS 3ed'!$C$3:$F$24,4,FALSE),0) -> 0 | X77: =IFERROR(V77/U77,0) -> 0 | Y77: =E77+I77+M77+Q77+U77 -> 1 | Z77: =F77+J77+N77+R77+V77 -> 0 | AA77: =G77+K77+O77+S77+W77 -> 1 | AB77: =Z77/Y77 -> 0
B78: 48 | C78: Ricardo Campos | D78: Ricardo Campos | E78: =IFERROR((VLOOKUP(D78,'UCL SS'!$C$3:$D$31,2,FALSE)),0) -> 0 | F78: =IFERROR(VLOOKUP(D78,'UCL SS'!$C$3:$E$31,3,FALSE),0) -> 0 | G78: =IFERROR(VLOOKUP(D78,'UCL SS'!$C$3:$F$31,4,FALSE),0) -> 0 | H78: =IFERROR(F78/E78,0) -> 0 | I78: =IFERROR(VLOOKUP(D78,'UCL WS'!$C$3:$F$35,2,FALSE),0) -> 0 | J78: =IFERROR(VLOOKUP(D78,'UCL WS'!$C$3:$F$35,3,FALSE),0) -> 0 | K78: =IFERROR(VLOOKUP(D78,'UCL WS'!$C$3:$F$35,4,FALSE),0) -> 0 | L78: =IFERROR(J78/I78,0) -> 0 | M78: =IFERROR(VLOOKUP(D78,'UCL SS 2ed'!$C$3:$F$50,2,FALSE),0) -> 0 | N78: =IFERROR(VLOOKUP(D78,'UCL SS 2ed'!$C$3:$F$50,3,FALSE),0) -> 0 | O78: =IFERROR(VLOOKUP(D78,'UCL SS 2ed'!$C$3:$F$50,4,FALSE),0) -> 0 | P78: =IFERROR(N78/M78,0) -> 0 | Q78: =+_xlfn.XLOOKUP(D78,'UCL WS 2ed'!$C$3:$C$37,'UCL WS 2ed'!$D$3:$D$37,0,0) -> 1 | R78: =+_xlfn.XLOOKUP(D78,'UCL WS 2ed'!$C$3:$C$37,'UCL WS 2ed'!$E$3:$E$37,0,0) -> 1 | S78: =+_xlfn.XLOOKUP(D78,'UCL WS 2ed'!$C$3:$C$37,'UCL WS 2ed'!$F$3:$F$37,0) -> 0 | T78: =IFERROR(R78/Q78,0) -> 1 | U78: =IFERROR(VLOOKUP(D78,'UCL SS 3ed'!$C$3:$F$24,2,FALSE),0) -> 0 | V78: =IFERROR(VLOOKUP(D78,'UCL SS 3ed'!$C$3:$F$24,3,FALSE),0) -> 0 | W78: =IFERROR(VLOOKUP(D78,'UCL SS 3ed'!$C$3:$F$24,4,FALSE),0) -> 0 | X78: =IFERROR(V78/U78,0) -> 0 | Y78: =E78+I78+M78+Q78+U78 -> 1 | Z78: =F78+J78+N78+R78+V78 -> 1 | AA78: =G78+K78+O78+S78+W78 -> 0 | AB78: =Z78/Y78 -> 1
B79: 48 | C79: Carlos Sousa | D79: Carlinhos | E79: =IFERROR((VLOOKUP(D79,'UCL SS'!$C$3:$D$31,2,FALSE)),0) -> 0 | F79: =IFERROR(VLOOKUP(D79,'UCL SS'!$C$3:$E$31,3,FALSE),0) -> 0 | G79: =IFERROR(VLOOKUP(D79,'UCL SS'!$C$3:$F$31,4,FALSE),0) -> 0 | H79: =IFERROR(F79/E79,0) -> 0 | I79: =IFERROR(VLOOKUP(D79,'UCL WS'!$C$3:$F$35,2,FALSE),0) -> 0 | J79: =IFERROR(VLOOKUP(D79,'UCL WS'!$C$3:$F$35,3,FALSE),0) -> 0 | K79: =IFERROR(VLOOKUP(D79,'UCL WS'!$C$3:$F$35,4,FALSE),0) -> 0 | L79: =IFERROR(J79/I79,0) -> 0 | M79: =IFERROR(VLOOKUP(D79,'UCL SS 2ed'!$C$3:$F$50,2,FALSE),0) -> 0 | N79: =IFERROR(VLOOKUP(D79,'UCL SS 2ed'!$C$3:$F$50,3,FALSE),0) -> 0 | O79: =IFERROR(VLOOKUP(D79,'UCL SS 2ed'!$C$3:$F$50,4,FALSE),0) -> 0 | P79: =IFERROR(N79/M79,0) -> 0 | Q79: =+_xlfn.XLOOKUP(D79,'UCL WS 2ed'!$C$3:$C$37,'UCL WS 2ed'!$D$3:$D$37,0,0) -> 1 | R79: =+_xlfn.XLOOKUP(D79,'UCL WS 2ed'!$C$3:$C$37,'UCL WS 2ed'!$E$3:$E$37,0,0) -> 1 | S79: =+_xlfn.XLOOKUP(D79,'UCL WS 2ed'!$C$3:$C$37,'UCL WS 2ed'!$F$3:$F$37,0) -> 0 | T79: =IFERROR(R79/Q79,0) -> 1 | U79: =IFERROR(VLOOKUP(D79,'UCL SS 3ed'!$C$3:$F$24,2,FALSE),0) -> 0 | V79: =IFERROR(VLOOKUP(D79,'UCL SS 3ed'!$C$3:$F$24,3,FALSE),0) -> 0 | W79: =IFERROR(VLOOKUP(D79,'UCL SS 3ed'!$C$3:$F$24,4,FALSE),0) -> 0 | X79: =IFERROR(V79/U79,0) -> 0 | Y79: =E79+I79+M79+Q79+U79 -> 1 | Z79: =F79+J79+N79+R79+V79 -> 1 | AA79: =G79+K79+O79+S79+W79 -> 0 | AB79: =Z79/Y79 -> 1
B80: 48 | C80: Martim Pereira | D80: Martim | E80: =IFERROR((VLOOKUP(D80,'UCL SS'!$C$3:$D$31,2,FALSE)),0) -> 0 | F80: =IFERROR(VLOOKUP(D80,'UCL SS'!$C$3:$E$31,3,FALSE),0) -> 0 | G80: =IFERROR(VLOOKUP(D80,'UCL SS'!$C$3:$F$31,4,FALSE),0) -> 0 | H80: =IFERROR(F80/E80,0) -> 0 | I80: =IFERROR(VLOOKUP(D80,'UCL WS'!$C$3:$F$35,2,FALSE),0) -> 0 | J80: =IFERROR(VLOOKUP(D80,'UCL WS'!$C$3:$F$35,3,FALSE),0) -> 0 | K80: =IFERROR(VLOOKUP(D80,'UCL WS'!$C$3:$F$35,4,FALSE),0) -> 0 | L80: =IFERROR(J80/I80,0) -> 0 | M80: =IFERROR(VLOOKUP(D80,'UCL SS 2ed'!$C$3:$F$50,2,FALSE),0) -> 0 | N80: =IFERROR(VLOOKUP(D80,'UCL SS 2ed'!$C$3:$F$50,3,FALSE),0) -> 0 | O80: =IFERROR(VLOOKUP(D80,'UCL SS 2ed'!$C$3:$F$50,4,FALSE),0) -> 0 | P80: =IFERROR(N80/M80,0) -> 0 | Q80: =+_xlfn.XLOOKUP(D80,'UCL WS 2ed'!$C$3:$C$37,'UCL WS 2ed'!$D$3:$D$37,0,0) -> 0 | R80: =+_xlfn.XLOOKUP(D80,'UCL WS 2ed'!$C$3:$C$37,'UCL WS 2ed'!$E$3:$E$37,0,0) -> 0 | S80: =+_xlfn.XLOOKUP(D80,'UCL WS 2ed'!$C$3:$C$37,'UCL WS 2ed'!$F$3:$F$37,0) -> 0 | T80: =IFERROR(R80/Q80,0) -> 0 | U80: =IFERROR(VLOOKUP(D80,'UCL SS 3ed'!$C$3:$F$24,2,FALSE),0) -> 1 | V80: =IFERROR(VLOOKUP(D80,'UCL SS 3ed'!$C$3:$F$24,3,FALSE),0) -> 0 | W80: =IFERROR(VLOOKUP(D80,'UCL SS 3ed'!$C$3:$F$24,4,FALSE),0) -> 1 | X80: =IFERROR(V80/U80,0) -> 0 | Y80: =E80+I80+M80+Q80+U80 -> 1 | Z80: =F80+J80+N80+R80+V80 -> 0 | AA80: =G80+K80+O80+S80+W80 -> 1 | AB80: =Z80/Y80 -> 0
B81: 48 | C81: Vítor Leite | D81: Vítor | E81: =IFERROR((VLOOKUP(D81,'UCL SS'!$C$3:$D$31,2,FALSE)),0) -> 0 | F81: =IFERROR(VLOOKUP(D81,'UCL SS'!$C$3:$E$31,3,FALSE),0) -> 0 | G81: =IFERROR(VLOOKUP(D81,'UCL SS'!$C$3:$F$31,4,FALSE),0) -> 0 | H81: =IFERROR(F81/E81,0) -> 0 | I81: =IFERROR(VLOOKUP(D81,'UCL WS'!$C$3:$F$35,2,FALSE),0) -> 0 | J81: =IFERROR(VLOOKUP(D81,'UCL WS'!$C$3:$F$35,3,FALSE),0) -> 0 | K81: =IFERROR(VLOOKUP(D81,'UCL WS'!$C$3:$F$35,4,FALSE),0) -> 0 | L81: =IFERROR(J81/I81,0) -> 0 | M81: =IFERROR(VLOOKUP(D81,'UCL SS 2ed'!$C$3:$F$50,2,FALSE),0) -> 0 | N81: =IFERROR(VLOOKUP(D81,'UCL SS 2ed'!$C$3:$F$50,3,FALSE),0) -> 0 | O81: =IFERROR(VLOOKUP(D81,'UCL SS 2ed'!$C$3:$F$50,4,FALSE),0) -> 0 | P81: =IFERROR(N81/M81,0) -> 0 | Q81: =+_xlfn.XLOOKUP(D81,'UCL WS 2ed'!$C$3:$C$37,'UCL WS 2ed'!$D$3:$D$37,0,0) -> 0 | R81: =+_xlfn.XLOOKUP(D81,'UCL WS 2ed'!$C$3:$C$37,'UCL WS 2ed'!$E$3:$E$37,0,0) -> 0 | S81: =+_xlfn.XLOOKUP(D81,'UCL WS 2ed'!$C$3:$C$37,'UCL WS 2ed'!$F$3:$F$37,0) -> 0 | T81: =IFERROR(R81/Q81,0) -> 0 | U81: =IFERROR(VLOOKUP(D81,'UCL SS 3ed'!$C$3:$F$24,2,FALSE),0) -> 1 | V81: =IFERROR(VLOOKUP(D81,'UCL SS 3ed'!$C$3:$F$24,3,FALSE),0) -> 1 | W81: =IFERROR(VLOOKUP(D81,'UCL SS 3ed'!$C$3:$F$24,4,FALSE),0) -> 0 | X81: =IFERROR(V81/U81,0) -> 1 | Y81: =E81+I81+M81+Q81+U81 -> 1 | Z81: =F81+J81+N81+R81+V81 -> 1 | AA81: =G81+K81+O81+S81+W81 -> 0 | AB81: =Z81/Y81 -> 1
B82: 48 | C82: Jorge Rajão | D82: Rajão | E82: =IFERROR((VLOOKUP(D82,'UCL SS'!$C$3:$D$31,2,FALSE)),0) -> 0 | F82: =IFERROR(VLOOKUP(D82,'UCL SS'!$C$3:$E$31,3,FALSE),0) -> 0 | G82: =IFERROR(VLOOKUP(D82,'UCL SS'!$C$3:$F$31,4,FALSE),0) -> 0 | H82: =IFERROR(F82/E82,0) -> 0 | I82: =IFERROR(VLOOKUP(D82,'UCL WS'!$C$3:$F$35,2,FALSE),0) -> 0 | J82: =IFERROR(VLOOKUP(D82,'UCL WS'!$C$3:$F$35,3,FALSE),0) -> 0 | K82: =IFERROR(VLOOKUP(D82,'UCL WS'!$C$3:$F$35,4,FALSE),0) -> 0 | L82: =IFERROR(J82/I82,0) -> 0 | M82: =IFERROR(VLOOKUP(D82,'UCL SS 2ed'!$C$3:$F$50,2,FALSE),0) -> 0 | N82: =IFERROR(VLOOKUP(D82,'UCL SS 2ed'!$C$3:$F$50,3,FALSE),0) -> 0 | O82: =IFERROR(VLOOKUP(D82,'UCL SS 2ed'!$C$3:$F$50,4,FALSE),0) -> 0 | P82: =IFERROR(N82/M82,0) -> 0 | Q82: =+_xlfn.XLOOKUP(D82,'UCL WS 2ed'!$C$3:$C$37,'UCL WS 2ed'!$D$3:$D$37,0,0) -> 0 | R82: =+_xlfn.XLOOKUP(D82,'UCL WS 2ed'!$C$3:$C$37,'UCL WS 2ed'!$E$3:$E$37,0,0) -> 0 | S82: =+_xlfn.XLOOKUP(D82,'UCL WS 2ed'!$C$3:$C$37,'UCL WS 2ed'!$F$3:$F$37,0) -> 0 | T82: =IFERROR(R82/Q82,0) -> 0 | U82: =IFERROR(VLOOKUP(D82,'UCL SS 3ed'!$C$3:$F$24,2,FALSE),0) -> 1 | V82: =IFERROR(VLOOKUP(D82,'UCL SS 3ed'!$C$3:$F$24,3,FALSE),0) -> 0 | W82: =IFERROR(VLOOKUP(D82,'UCL SS 3ed'!$C$3:$F$24,4,FALSE),0) -> 1 | X82: =IFERROR(V82/U82,0) -> 0 | Y82: =E82+I82+M82+Q82+U82 -> 1 | Z82: =F82+J82+N82+R82+V82 -> 0 | AA82: =G82+K82+O82+S82+W82 -> 1 | AB82: =Z82/Y82 -> 0
B83: 48 | C83: Rodrigo Lima | D83: Rodri Lima | E83: =IFERROR((VLOOKUP(D83,'UCL SS'!$C$3:$D$31,2,FALSE)),0) -> 0 | F83: =IFERROR(VLOOKUP(D83,'UCL SS'!$C$3:$E$31,3,FALSE),0) -> 0 | G83: =IFERROR(VLOOKUP(D83,'UCL SS'!$C$3:$F$31,4,FALSE),0) -> 0 | H83: =IFERROR(F83/E83,0) -> 0 | I83: =IFERROR(VLOOKUP(D83,'UCL WS'!$C$3:$F$35,2,FALSE),0) -> 0 | J83: =IFERROR(VLOOKUP(D83,'UCL WS'!$C$3:$F$35,3,FALSE),0) -> 0 | K83: =IFERROR(VLOOKUP(D83,'UCL WS'!$C$3:$F$35,4,FALSE),0) -> 0 | L83: =IFERROR(J83/I83,0) -> 0 | M83: =IFERROR(VLOOKUP(D83,'UCL SS 2ed'!$C$3:$F$50,2,FALSE),0) -> 0 | N83: =IFERROR(VLOOKUP(D83,'UCL SS 2ed'!$C$3:$F$50,3,FALSE),0) -> 0 | O83: =IFERROR(VLOOKUP(D83,'UCL SS 2ed'!$C$3:$F$50,4,FALSE),0) -> 0 | P83: =IFERROR(N83/M83,0) -> 0 | Q83: =+_xlfn.XLOOKUP(D83,'UCL WS 2ed'!$C$3:$C$37,'UCL WS 2ed'!$D$3:$D$37,0,0) -> 1 | R83: =+_xlfn.XLOOKUP(D83,'UCL WS 2ed'!$C$3:$C$37,'UCL WS 2ed'!$E$3:$E$37,0,0) -> 1 | S83: =+_xlfn.XLOOKUP(D83,'UCL WS 2ed'!$C$3:$C$37,'UCL WS 2ed'!$F$3:$F$37,0) -> 0 | T83: =IFERROR(R83/Q83,0) -> 1 | U83: =IFERROR(VLOOKUP(D83,'UCL SS 3ed'!$C$3:$F$24,2,FALSE),0) -> 0 | V83: =IFERROR(VLOOKUP(D83,'UCL SS 3ed'!$C$3:$F$24,3,FALSE),0) -> 0 | W83: =IFERROR(VLOOKUP(D83,'UCL SS 3ed'!$C$3:$F$24,4,FALSE),0) -> 0 | X83: =IFERROR(V83/U83,0) -> 0 | Y83: =E83+I83+M83+Q83+U83 -> 1 | Z83: =F83+J83+N83+R83+V83 -> 1 | AA83: =G83+K83+O83+S83+W83 -> 0 | AB83: =Z83/Y83 -> 1
Y85: =+SUM(Y5:Y83)-'UCL WS 2ed'!D38-'UCL SS 2ed'!D51-'UCL WS'!D36-'UCL SS'!D32-'UCL SS 3ed'!D25 -> 0 | Z85: CHECK

Sheet Calendário
A1: Calendário
A3: Supertaça | D3: Jornada 1 | G3: Jornada 2 | J3: Jornada 3 | M3: Jornada 4 | P3: Jornada 5
A4: 46084 | D4: =+A4+7 -> 46091 | G4: =+D4+7 -> 46098 | J4: =+G4+7 -> 46105 | M4: =+J4+7 -> 46112 | P4: =+M4+7 -> 46119
A5: Quim | B5: Vieira | D5: Capela | E5: Quim | G5: Vieira | H5: Gui Moura | J5: Gui Moura | K5: Capela | M5: Edu | N5: Quim | P5: Campos | Q5: Vieira
D6: First pick | G6: First pick | J6: 2 a seguir | M6: 2 a seguir | P6: 2 a seguir
A8: Jornada 6 | D8: Jornada 7 | G8: Jornada 8 | J8: Jornada 9 | M8: Jornada 10
A9: =+P4+7 -> 46126 | D9: =+A9+7 -> 46133 | G9: =+D9+7 -> 46140 | J9: =+G9+7 -> 46147 | M9: =+J9+7 -> 46154
A10: Gui Moura | B10: Edu | D10: Quim | E10: Campos | G10: Vieira | H10: Edu | J10: Campos | K10: Capela | M10: Campos | N10: Gui Moura
A11: 2 a seguir | D11: 2 a seguir | G11: First pick | J11: First pick | M11: 2 a seguir
A13: Jornada 11 | D13: Jornada 12 | G13: Jornada 13 | J13: Jornada 14 | M13: Jornada 15
A14: =+M9+7 -> 46161 | D14: =+A14+7 -> 46168 | G14: =+D14+7 -> 46175 | J14: =+G14+7 -> 46182 | M14: =+J14+7 -> 46189
A15: Capela | B15: Vieira | D15: Edu | E15: Campos | G15: Gui Moura | H15: Quim | J15: Edu | K15: Capela | M15: Quim | N15: Vieira
A16: First pick
A18: Jornada 16 | D18: Jornada 17 | G18: Jornada 18 | J18: Jornada 19 | M18: Final da Taça | P18: Torneio de Verão
A19: =+M14+7 -> 46196 | D19: =+A19+7 -> 46203 | G19: =+D19+7 -> 46210 | J19: =+G19+7 -> 46217 | M19: =+J19+7 -> 46224 | P19: =+M19+7 -> 46231
A20: ? | B20: ? | D20: ? | E20: ? | G20: ? | H20: ? | J20: ? | K20: ? | M20: ? | N20: ?
M23: Road to Cup
L24: Posição | M24: Capitães | N24: W a C | O24: G a C | P24: WR a C | Q24: Ranking Campeonato
L25: 1 | M25: Campos | N25: 5 | O25: 5 | P25: =+N25/O25 -> 1 | Q25: =+_xlfn.XLOOKUP(M25,'UCL SS 3ed'!C:C,'UCL SS 3ed'!A:A) -> 1
L26: 2 | M26: Capela | N26: 2 | O26: 4 | P26: =+N26/O26 -> 0.5 | Q26: =+_xlfn.XLOOKUP(M26,'UCL SS 3ed'!C:C,'UCL SS 3ed'!A:A) -> 3
L27: 3 | M27: Vieira | N27: 2 | O27: 4 | P27: =+N27/O27 -> 0.5 | Q27: =+_xlfn.XLOOKUP(M27,'UCL SS 3ed'!C:C,'UCL SS 3ed'!A:A) -> 9
L28: 4 | M28: Gui Moura | N28: 2 | O28: 4 | P28: =+N28/O28 -> 0.5 | Q28: =+_xlfn.XLOOKUP(M28,'UCL SS 3ed'!C:C,'UCL SS 3ed'!A:A) -> 10
L29: 5 | M29: Edu | N29: 1 | O29: 4 | P29: =+N29/O29 -> 0.25 | Q29: =+_xlfn.XLOOKUP(M29,'UCL SS 3ed'!C:C,'UCL SS 3ed'!A:A) -> 12
L30: 6 | M30: Quim | N30: 0 | O30: 3 | P30: =+N30/O30 -> 0 | Q30: =+_xlfn.XLOOKUP(M30,'UCL SS 3ed'!C:C,'UCL SS 3ed'!A:A) -> 7
